title,studio,year
Toy Story 3,BV,2010
Alice in Wonderland (2010),BV,2010
Harry Potter and the Deathly Hallows Part 1,WB,2010
Inception,WB,2010
Shrek Forever After,P/DW,2010
The Twilight Saga: Eclipse,Sum.,2010
Iron Man 2,Par.,2010
Tangled,BV,2010
Despicable Me,Uni.,2010
How to Train Your Dragon,P/DW,2010
Clash of the Titans (2010),WB,2010
The Chronicles of Narnia: The Voyage of the Dawn Treader,Fox,2010
The King's Speech,Wein.,2010
Tron Legacy,BV,2010
The Karate Kid,Sony,2010
Prince of Persia: The Sands of Time,BV,2010
Black Swan,FoxS,2010
Megamind,P/DW,2010
Robin Hood,Uni.,2010
The Last Airbender,Par.,2010
Little Fockers,Uni.,2010
Resident Evil: Afterlife,SGem,2010
Shutter Island,Par.,2010
Salt,Sony,2010
Sex and the City 2,WB (NL),2010
The Tourist,Sony,2010
The Expendables,LGF,2010
Grown Ups,Sony,2010
Knight & Day,Fox,2010
True Grit,Par.,2010
Gulliver's Travels,Fox,2010
Percy Jackson & The Olympians: The Lightning Thief,Fox,2010
The Social Network,Sony,2010
Valentine's Day,WB (NL),2010
The Sorcerer's Apprentice,BV,2010
Due Date,WB,2010
Eat Pray Love,Sony,2010
Yogi Bear,WB,2010
Red,Sum.,2010
Paranormal Activity 2,Par.,2010
The A-Team,Fox,2010
Jackass 3-D,Par.,2010
The Other Guys,Sony,2010
Unstoppable,Fox,2010
Step Up 3-D,BV,2010
The Book of Eli,WB,2010
The Town,WB,2010
Date Night,Fox,2010
Legend of the Guardians: The Owls of Ga'Hoole,WB,2010
The Wolfman,Uni.,2010
The Bounty Hunter,Sony,2010
Saw 3D,LGF,2010
Wall Street: Money Never Sleeps,Fox,2010
The Fighter,Par.,2010
Predators,Fox,2010
A Nightmare on Elm Street (2010),WB (NL),2010
Dear John,SGem,2010
Cats & Dogs: The Revenge of Kitty Galore,WB,2010
Tooth Fairy,Fox,2010
Life as We Know It,WB,2010
Hereafter,WB,2010
The Girl with the Dragon Tattoo,MBox,2010
Love and Other Drugs,Fox,2010
Aftershock (Tangshan Dadizhen),CL,2010
Killers,LGF,2010
Kick-Ass,LGF,2010
Green Zone,Uni.,2010
Nanny McPhee Returns,Uni.,2010
Get Him to the Greek,Uni.,2010
Burlesque,SGem,2010
The Last Song,BV,2010
Dinner for Schmucks,P/DW,2010
Marmaduke,Fox,2010
Piranha 3D,W/Dim.,2010
Oceans,BV,2010
Edge of Darkness,WB,2010
Vampires Suck,Fox,2010
Letters to Juliet,Sum.,2010
The Back-Up Plan,CBS,2010
If You Are the One 2 (Fei Cheng Wu Rao II),CL,2010
Diary of a Wimpy Kid,Fox,2010
Easy A,SGem,2010
Hubble 3D,WB,2010
Takers,SGem,2010
Tales from Earthsea,BV,2010
Legion (2010),SGem,2010
The American,Focus,2010
The Last Exorcism,LGF,2010
The Next Three Days,LGF,2010
The Girl Who Played with Fire,MBox,2010
Skyline,Uni.,2010
Hot Tub Time Machine,MGM,2010
Devil,Uni.,2010
127 Hours,FoxS,2010
Tyler Perry's Why Did I Get Married Too?,LGF,2010
Secretariat,BV,2010
The Ghost Writer,Sum.,2010
Morning Glory,Par.,2010
Remember Me,Sum.,2010
Cop Out,WB,2010
The Crazies,Over.,2010
From Paris with Love,LGF,2010
Daybreakers,LGF,2010
Alpha and Omega,LGF,2010
The Switch,Mira.,2010
She's Out of My League,Par.,2010
Death at a Funeral (2010),SGem,2010
How Do You Know,Sony,2010
Charlie St. Cloud,Uni.,2010
Scott Pilgrim vs. the World,Uni.,2010
Heartbreaker,IFC,2010
The Spy Next Door,LGF,2010
"The Good, the Bad, the Weird",IFC,2010
Machete,Fox,2010
The Girl Who Kicked the Hornet's Nest,MBox,2010
The Man From Nowhere,CJ,2010
When in Rome,BV,2010
My Name is Khan,FoxS,2010
Going the Distance,WB (NL),2010
The Concert,Wein.,2010
Agora,NM,2010
For Colored Girls,LGF,2010
Brooklyn's Finest,Over.,2010
Furry Vengeance,Sum.,2010
Faster,CBS,2010
The Kids Are All Right,Focus,2010
You Will Meet a Tall Dark Stranger,SPC,2010
The Secret in Their Eyes,SPC,2010
Avatar: Special Edition,Fox,2010
Leap Year,Uni.,2010
You Again,BV,2010
Mesrine: Killer Instinct,MBox,2010
The Losers,WB,2010
Case 39,ParV,2010
Ramona and Beezus,Fox,2010
Splice,WB,2010
Fair Game (2010),Sum.,2010
Let Me In,Over.,2010
Mao's Last Dancer,Gold.,2010
Just Wright,FoxS,2010
Our Family Wedding,FoxS,2010
My Soul to Take,Uni.,2010
71 Into the Fire,JS,2010
"I Love You, Phillip Morris",RAtt.,2010
Country Strong,SGem,2010
Another Year,SPC,2010
Youth in Revolt,W/Dim.,2010
Buried,LGF,2010
[Rec] 2,Magn.,2010
Repo Men,Uni.,2010
A Prophet (Un proph√®te),SPC,2010
Soul Kitchen,IFC,2010
Mother (2010),Magn.,2010
Micmacs,SPC,2010
The Nutcracker in 3D,Free,2010
Sea Rex 3D: Journey to a Prehistoric World,3D,2010
I Hate Luv Storys,UTV,2010
Extraordinary Measures,CBS,2010
Somewhere,Focus,2010
Winter's Bone,RAtt.,2010
The Last Station,SPC,2010
Raajneeti,UTV,2010
Made in Dagenham,SPC,2010
Blue Valentine,Wein.,2010
Tamara Drewe,SPC,2010
Chloe,SPC,2010
Looking for Eric,IFC,2010
The Warrior's Way,Rela.,2010
I Am Love,Magn.,2010
Jonah Hex,WB,2010
Harry Brown,Gold.,2010
Cyrus,FoxS,2010
Conviction,FoxS,2010
Get Low,SPC,2010
Babies,Focus,2010
Stone,Over.,2010
Peepli Live,UTV,2010
Never Let Me Go,FoxS,2010
Mid-August Lunch,Zeit.,2010
MacGruber,Uni.,2010
City Island,Anch.,2010
Inside Job,SPC,2010
The Joneses,RAtt.,2010
Centurion,Magn.,2010
Animal Kingdom,SPC,2010
Nowhere Boy,Wein.,2010
It's Kind of a Funny Story,Focus,2010
"Waiting for ""Superman""",ParV,2010
Greenberg,Focus,2010
Coco Chanel & Igor Stravinsky,SPC,2010
Vincere,IFC,2010
The Illusionist (2010),SPC,2010
Exit Through the Gift Shop,PDA,2010
Mademoiselle Chambon,Lorb.,2010
Solitary Man,Anch.,2010
Rabbit Hole,LGF,2010
Vision,Zeit.,2010
Mother and Child,SPC,2010
The Runaways,App.,2010
Four Lions,Drft.,2010
Wild Grass,SPC,2010
Please Give,SPC,2010
Monsters,Magn.,2010
Rare Exports: A Christmas Tale,Osci.,2010
The Killer Inside Me,IFC,2010
The Perfect Game,IW,2010
To Save a Life,Gold.,2010
Inspector Bellamy,IFC,2010
Catfish,Rog.,2010
Wild Target,Free,2010
Frozen (2010),Anch.,2010
Dabangg,Eros,2010
Kites,Relbig.,2010
Letters to God,Viv.,2010
Twelve,Hann.,2010
Tees Maar Khan,UTV,2010
Fish Tank,IFC,2010
Housefull,Eros,2010
Golmaal 3,Eros,2010
After.Life,Anch.,2010
Cairo Time,IFC,2010
Flipped,WB,2010
Guzaarish,UTV,2010
Ondine,Magn.,2010
Anjaana Anjaani,Eros,2010
John Rabe,Strand,2010
Restrepo,NGE,2010
Raavan,Relbig.,2010
The City of Your Final Destination,Scre.,2010
It's a Wonderful Afterlife,UTV,2010
Ajami,Kino,2010
Army of Crime,Lorb.,2010
Lebanon,SPC,2010
Howl,Osci.,2010
Videocracy,Kino,2010
When You're Strange,Abr.,2010
The Salvation Poem (Poema de Salvacion),CZ,2010
Casino Jack,ATO,2010
Leaving,IFC,2010
Khatta Meetha,Eros,2010
We Are Family,UTV,2010
Leaves of Grass,First,2010
North Face,MBox,2010
Creation,NM,2010
No One Knows About Persian Cats,IFC,2010
Carlos,IFC,2010
Hideaway (Le Refuge),Strand,2010
The Disappearance of Alice Creed,Anch.,2010
Break Ke Baad,Relbig.,2010
Veer (2010),Eros,2010
Life During Wartime,IFC,2010
Enter the Void,IFC,2010
The Secret of Kells,GK,2010
The Polar Express (IMAX re-issue 2010),WB,2010
No Problem,Eros,2010
All Good Things,Magn.,2010
Jack Goes Boating,Over.,2010
Holy Rollers,FInd.,2010
Chain Letter,NFC,2010
I Spit on Your Grave,Anch.,2010
I'm Still Here,Magn.,2010
Salt of this Sea,Lorb.,2010
Undertow (2010),TFC,2010
Father of My Children,IFC,2010
The Greatest (2010),Pala.,2010
The Extra Man,Magn.,2010
Tiny Furniture,IFC,2010
Dogtooth,Kino,2010
Grease (Sing-a-Long re-issue),Par.,2010
The Tempest,Mira.,2010
The Good Heart,Magn.,2010
Formosa Betrayed,Scre.,2010
Red Hill,Strand,2010
Welcome to the Rileys,Gold.,2010
"A Woman, A Gun and A Noodle Shop",SPC,2010
The Girl on the Train,Strand,2010
Mesrine: Public Enemy No. 1,MBox,2010
44 Inch Chest,Imag.,2010
Karthik Calling Karthik,Eros,2010
Last Train Home,Zeit.,2010
Eyes Wide Open,NAV,2010
Waste Land,Arth.,2010
South of the Border,CLS,2010
Human Centipede,IFC,2010
"Lovely, Still",Mont.,2010
The Girl (Flickan),Olive,2010
Sweetgrass,CGld,2010
Bitch Slap,Free,2010
Chance Pe Dance,UTV,2010
Client 9: The Rise and Fall of Eliot Spitzer,Magn.,2010
Casino Jack and the United States of Money,Magn.,2010
Perrier's Bounty,IFC,2010
Around a Small Mountain,CGld,2010
Spring Fever,Strand,2010
The Eclipse,Magn.,2010
George A. Romero's Survival of the Dead,Magn.,2010
The Romantics,FOAK,2010
Celine: Through the Eyes of the World,Sony,2010
Freakonomics,Magn.,2010
Saint John of Las Vegas,IVP,2010
Band Baaja Baaraat,Yash,2010
White Lion,Scre.,2010
Kisses,Osci.,2010
Waking Sleeping Beauty,BV,2010
Enemies of the People,ICir,2010
Badmaash Company,Yash,2010
Hadewijch,IFC,2010
Alamar,FM,2010
As Good as Dead,First,2010
Inhale,IFC,2010
Hatchet 2,Vita.,2010
District B13: Ultimatum,Magn.,2010
GasLand,WOW,2010
Boogie Woogie,IFC,2010
Come Undone (2010),FM,2010
The Red Baron,Mont.,2010
Bluebeard,Strand,2010
Daddy Longlegs,IFC,2010
Living in Emergency,Truly,2010
Nenette,Kino,2010
Picture Me,Strand,2010
The Thorn in the Heart,Osci.,2010
The Taqwacores,Strand,2010
Cherry,Abr.,2010
Terkel in Trouble,Indic.,2010
Kimjongilia,Lorb.,2010
Aashayein (Wishes),Relbig.,2010
Harry Potter and the Deathly Hallows Part 2,WB,2011
Transformers: Dark of the Moon,P/DW,2011
Pirates of the Caribbean: On Stranger Tides,BV,2011
The Twilight Saga: Breaking Dawn Part 1,Sum.,2011
Mission: Impossible - Ghost Protocol,Par.,2011
Kung Fu Panda 2,P/DW,2011
Fast Five,Uni.,2011
The Hangover Part II,WB,2011
The Smurfs,Sony,2011
Cars 2,BV,2011
Puss in Boots,P/DW,2011
Sherlock Holmes: A Game of Shadows,WB,2011
Rio,Fox,2011
Rise of the Planet of the Apes,Fox,2011
Thor,Par.,2011
The Adventures of Tintin,Par.,2011
Captain America: The First Avenger,Par.,2011
X-Men: First Class,Fox,2011
Alvin and the Chipmunks: Chipwrecked,Fox,2011
Real Steel,BV,2011
Bridesmaids,Uni.,2011
Super 8,Par.,2011
Rango,Par.,2011
The Girl with the Dragon Tattoo (2011),Sony,2011
The Green Hornet,Sony,2011
Immortals,Rela.,2011
Green Lantern,WB,2011
The Help,BV,2011
Bad Teacher,Sony,2011
Just Go With It,Sony,2011
Battle: Los Angeles,Sony,2011
Horrible Bosses,WB (NL),2011
Paranormal Activity 3,Par.,2011
Gnomeo and Juliet,BV,2011
Mr. Popper's Penguins,Fox,2011
Hugo,Par.,2011
The Lion King (in 3D),BV,2011
Hop,Uni.,2011
War Horse,BV,2011
The Descendants,FoxS,2011
Cowboys & Aliens,Uni.,2011
In Time,Fox,2011
Zookeeper,Sony,2011
The Muppets,BV,2011
Limitless,Rela.,2011
Johnny English Reborn,Uni.,2011
Final Destination 5,WB (NL),2011
Tower Heist,Uni.,2011
Midnight in Paris,SPC,2011
Happy Feet Two,WB,2011
I Am Number Four,BV,2011
Jack and Jill,Sony,2011
Friends with Benefits,SGem,2011
No Strings Attached,Par.,2011
Arthur Christmas,Sony,2011
Source Code,Sum.,2011
"Crazy, Stupid, Love.",WB,2011
New Year's Eve,WB (NL),2011
Contagion,WB,2011
The Artist,Wein.,2011
The Three Musketeers (2011),Sum.,2011
Unknown,WB,2011
The Adjustment Bureau,Uni.,2011
We Bought a Zoo,Fox,2011
Water for Elephants,Fox,2011
The Iron Lady,Wein.,2011
Moneyball,Sony,2011
Sanctum,Uni.,2011
Justin Bieber: Never Say Never,Par.,2011
Paul,Uni.,2011
Scream 4,W/Dim.,2011
Insidious,FD,2011
The Rite,WB (NL),2011
Dolphin Tale,WB,2011
Season of the Witch,Rela.,2011
Sucker Punch,WB,2011
Red Riding Hood,WB,2011
Spy Kids: All the Time in the World,W/Dim.,2011
J. Edgar,WB,2011
Hall Pass,WB (NL),2011
"Big Mommas: Like Father, Like Son",Fox,2011
Abduction,LGF,2011
"Tinker, Tailor, Soldier, Spy",Focus,2011
Priest,SGem,2011
Drive (2011),FD,2011
The Mechanic,CBS,2011
The Ides of March,Sony,2011
The Change-Up,Uni.,2011
The Lincoln Lawyer,LGF,2011
Diary of a Wimpy Kid: Rodrick Rules,Fox,2011
Larry Crowne,Uni.,2011
The Dilemma,Uni.,2011
The Darkest Hour,Sum.,2011
Hanna,Focus,2011
Footloose (2011),Par.,2011
Elite Squad: The Enemy Within,Vari.,2011
Colombiana,TriS,2011
Something Borrowed,WB,2011
One Day,Focus,2011
Beginning of the Great Revival,CL,2011
Killer Elite,ORF,2011
Extremely Loud & Incredibly Close,WB,2011
The Tree of Life,FoxS,2011
Tyler Perry's Madea's Big Happy Family,LGF,2011
Detective Dee and the Mystery of the Phantom Flame,IM,2011
Winnie the Pooh,BV,2011
Conan the Barbarian (2011),LGF,2011
Soul Surfer,TriS,2011
War of the Arrows,CJ,2011
Arthur (2011),WB,2011
The Debt,Focus,2011
Beastly,CBS,2011
Of Gods and Men,SPC,2011
Born to Be Wild (IMAX),WB,2011
Evangelion 2.0: You Can (Not) Advance,Elev.,2011
Fright Night (2011),BV,2011
30 Minutes or Less,Sony,2011
The Roommate,SGem,2011
Shark Night 3D,Rela.,2011
Monte Carlo,Fox,2011
50/50,Sum.,2011
Mars Needs Moms,BV,2011
Dream House,Uni.,2011
Jumping the Broom,TriS,2011
Don't Be Afraid of the Dark,FD,2011
RA One,Eros,2011
A Very Harold & Kumar 3D Christmas,WB,2011
My Week with Marilyn,Wein.,2011
The Sitter,Fox,2011
Jane Eyre,Focus,2011
Courageous,TriS,2011
Shaolin,Vari.,2011
African Cats,BV,2011
The Skin I Live In,SPC,2011
I Don't Know How She Does It,Wein.,2011
What's Your Number?,Fox,2011
Drive Angry,Sum.,2011
Carnage (2011),SPC,2011
A Dangerous Method,SPC,2011
The Thing (2011),Uni.,2011
The Eagle,Focus,2011
Legend of the Fist: The Return of Chen Zhen,Vari.,2011
Apollo 18,W/Dim.,2011
Biutiful,RAtt.,2011
Your Highness,Uni.,2011
Our Idiot Brother,Wein.,2011
The Rum Diary,FD,2011
The Women on the 6th Floor,Strand,2011
Potiche,MBox,2011
Warrior,LGF,2011
Young Adult,Par.,2011
Sarah's Key,Wein.,2011
The Way Back,NM,2011
A Separation,SPC,2011
The Guard,SPC,2011
Margin Call,RAtt.,2011
Glee The 3D Concert Movie,Fox,2011
Shame,FoxS,2011
13 Assassins,Magn.,2011
Hoodwinked Too! Hood vs. Evil,Wein.,2011
The Heir Apparent: Largo Winch,MBox,2011
The Last Godfather,RAtt.,2011
Delhi Belly,UTV,2011
Melancholia,Magn.,2011
Judy Moody and the NOT Bummer Summer,Rela.,2011
The Conspirator,RAtt.,2011
Anonymous,Sony,2011
Ip Man 2: Legend of the Grandmaster,Vari.,2011
The Housemaid,IFC,2011
Desert Flower,NGE,2011
Pina,IFC,2011
Beginners,Focus,2011
My Afternoons with Margueritte,Cohen,2011
I Saw the Devil,Magn.,2011
The Hedgehog,NeoC,2011
Gainsbourg: A Heroic Life,MBox,2011
The Warring States,CL,2011
What Women Want (Wo Zhi Nu Run Xin),CL,2011
Snow Flower and the Secret Fan,FoxS,2011
Win Win,FoxS,2011
Flying Monsters,NGE,2011
City of Life and Death,Kino,2011
Le Havre,Jan.,2011
Straw Dogs (2011),SGem,2011
Prom,BV,2011
In a Better World,SPC,2011
Trespass (2011),MNE,2011
Saving Private Perez,LGF,2011
Point Blank,Magn.,2011
Winter in Wartime,SPC,2011
Barney's Version (U.S. only),SPC,2011
Outrage (2011),Magn.,2011
Senna,PDA,2011
Last Night,Trib.,2011
The Big Year,Fox,2011
The Beaver,Sum.,2011
Take Me Home Tonight,Rela.,2011
Cedar Rapids,FoxS,2011
The Princess of Montpensier,IFC,2011
Cave of Forgotten Dreams,IFC,2011
Sex and Zen 3D: Extreme Ecstasy,CL,2011
We Need to Talk About Kevin,Osci.,2011
Attack the Block,SGem,2011
Even the Rain,Vita.,2011
Young Goethe in Love,MBox,2011
11-11-11,Rocket,2011
Certified Copy,IFC,2011
Thank You (2011),UTV,2011
The Company Men,Wein.,2011
Force,FoxS,2011
Tucker & Dale Vs. Evil,Magn.,2011
London Boulevard,IFC,2011
Dylan Dog: Dead of Night,OMNI/FSR,2011
The Names of Love,MBox,2011
The Way,PDA,2011
Burke and Hare,IFC,2011
King of Devil's Island,FM,2011
Bride Flight,MBox,2011
Trollhunter,Magn.,2011
Buck,IFC,2011
Carancho,Strand,2011
Like Crazy,ParV,2011
The Double,Imag.,2011
Don 2,Relbig.,2011
Love Crime,IFC,2011
Incendies (U.S. only),SPC,2011
Martha Marcy May Marlene,FoxS,2011
The King's Speech (PG-13),Wein.,2011
Machine Gun Preacher,Rela.,2011
The Last Circus,Magn.,2011
From Prada to Nada,LGF,2011
Flypaper,IFC,2011
Zindagi Na Milegi Dobara,Eros,2011
Take Shelter,SPC,2011
The Greatest Miracle,KKM,2011
Rapt,Lorb.,2011
Pastorela,LGF,2011
The Double Hour,Gold.,2011
Everything Must Go,RAtt.,2011
3 (2011),Strand,2011
Oranges and Sunshine,Cohen,2011
Ong Bak 3,Magn.,2011
Poetry,Kino,2011
The Tree,Zeit.,2011
"The Butcher, the Chef and the Swordsman",CL,2011
The Trip (2011),IFC,2011
Armadillo,Lorb.,2011
Bodyguard,Relbig.,2011
Brighton Rock,IFC,2011
A Somewhat Gentle Man,Strand,2011
The Topp Twins: Untouchable Girls,Argo.,2011
Another Earth,FoxS,2011
A Better Life,Sum.,2011
Chalet Girl,IFC,2011
Yamla Pagla Deewana,Eros,2011
Bill Cunningham New York,Zeit.,2011
The Art of Getting By,FoxS,2011
The Devil's Double,LGF,2011
Uncle Boonmee Who Can Recall His Past Lives,Strand,2011
The Whistleblower,Gold.,2011
Red State,SMod,2011
London River,Libre,2011
Desi Boyz,Eros,2011
When We Leave (Die Fremde),Olive,2011
There Be Dragons,Gold.,2011
Vanishing on 7th Street,Magn.,2011
Page One: A Year Inside the New York Times,Magn.,2011
The Time That Remains,IFC,2011
Rockstar (2011),Eros,2011
Meek's Cutoff,Osci.,2011
Texas Killing Fields,Anch.,2011
Ready,Eros,2011
Miral,Wein.,2011
Submarine,Wein.,2011
Higher Ground,SPC,2011
Mozart's Sister,MBox,2011
Plastic Planet,FRun,2011
Chillar Party,UTV,2011
Mausam,Eros,2011
The First Grader,NGE,2011
Hobo With a Shotgun,Magn.,2011
Tabloid,IFC,2011
Dhobi Ghat (Mumbai Diaries),UTV,2011
Aarakshan (Reservation),Relbig.,2011
POM Wonderful Presents: The Greatest Movie Ever Sold,SPC,2011
No One Killed Jessica,UTV,2011
Korkoro,Lorb.,2011
Blackthorn,Magn.,2011
How I Ended This Summer,FM,2011
The Ledge,IFC,2011
Heartbeats,IFC,2011
The Future,RAtt.,2011
Dum Maaro Dum,FoxS,2011
Double Dhamaal,Relbig.,2011
Kaboom,IFC,2011
Mere Brother Ki Dulhan,Yash,2011
Weekend (2011),IFC,2011
Protektor,FM,2011
Circumstance,RAtt.,2011
The Other Woman,IFC,2011
Project Nim,RAtt.,2011
Rage (Rabia),Strand,2011
The Human Resources Manager,FM,2011
Hesher,WHE,2011
7 Khoon Maaf,UTV,2011
Another Happy Day,P4,2011
Singham,Relbig.,2011
The Mill and the Cross,KC,2011
Super,IFC,2011
L'Amour Fou,IFC,2011
Being Elmo: A Puppeteer's Journey,SD,2011
In the Land of Blood and Honey,FD,2011
Special Treatment,FRun,2011
Illegal (2011),FM,2011
The Interrupters,CGld,2011
Rascals,Eros,2011
The Black Power Mix Tape: 1967-1975,IFC,2011
Black Death,Magn.,2011
Le Quattro Volte,Lorb.,2011
Life in a Day,NGE,2011
Caterpillar,Lorb.,2011
Little Girl (La Pivellina),FRun,2011
El Bulli: Cooking in Progress,AM,2011
"If I Want to Whistle, I Whistle",FM,2011
Into the Abyss,IFC,2011
HappyThankYouMorePlease,Anch.,2011
The Robber,Kino,2011
Henry's Crime,MPFT,2011
A Good Old Fashioned Orgy,Gold.,2011
Film Socialisme,Lorb.,2011
Bol,Eros,2011
Leap Year (2011),Strand,2011
A Screaming Man,FM,2011
Jig,Scre.,2011
Nostalgia for the Light,Icar.,2011
Anchor Baby,AGF,2011
Bellflower,Osci.,2011
Restless (2011),SPC,2011
Road to Nowhere,Mont.,2011
Magic Trip,Magn.,2011
Eames: The Architect and the Painter,FRun,2011
Revenge of the Electric Car,A23,2011
The Human Centipede 2: Full Sequence,IFC,2011
Cold Weather,IFC,2011
Game (2011),Eros,2011
1911,Vari.,2011
"Life, Above All",SPC,2011
Tomboy (2011),Da.,2011
Octubre,NYer,2011
The Arbor,Strand,2011
Mysteries of Lisbon,MBox,2011
Vidal Sassoon: The Movie,P4,2011
Trust (2011),MNE,2011
Steve Jobs: The Lost Interview,Magn.,2011
Rubber,Magn.,2011
The Man Who Fell to Earth (35th anniversary re-issue),Rialto,2011
Chalo Dilli,Eros,2011
The Whale,Pala.,2011
Beautiful Boy,Anch.,2011
Puncture,MNE,2011
A Beautiful Life,CL,2011
"Tuesday, After Christmas",Lorb.,2011
Viva Riva!,MBox,2011
Murder 2,Eros,2011
Dirty Girl,Wein.,2011
Battleship Potemkin (2011 re-issue),Kino,2011
Love U Mr. Kalakaar,Eros,2011
Margaret,FoxS,2011
"Happy, Happy",Magn.,2011
The Myth of the American Sleepover,IFC,2011
Hell and Back Again,DF,2011
Khodorkovsky,KL,2011
Sleeping Beauty (2011) (II),IFC,2011
My Kingdom (2011),CL,2011
Love in Space,CL,2011
Stake Land,IFC,2011
Brotherhood (2011),P4,2011
The Son of No One,Anch.,2011
Muran,UTV,2011
The Sleeping Beauty,Strand,2011
Tyrannosaur,Strand,2011
Ceremony,Magn.,2011
I'm Glad My Mother is Alive,Strand,2011
Always Kabhi Kabhi,Eros,2011
Empire of Silver,NeoC,2011
5 Days of War,Anch.,2011
Aurora,CGld,2011
Magic to Win,CL,2011
Wrecked,IFC,2011
My Piece of the Pie,IFC,2011
I Melt With You,Magn.,2011
My Joy,KL,2011
To Die Like a Man,Strand,2011
Blood Ties,ALP,2011
Knuckle,Vita.,2011
Main Street,Magn.,2011
"Love, Wedding, Marriage",IFC,2011
An Invisible Sign,IFC,2011
Marvel's The Avengers,BV,2012
Skyfall,Sony,2012
The Dark Knight Rises,WB,2012
The Hobbit: An Unexpected Journey,WB (NL),2012
Ice Age: Continental Drift,Fox,2012
The Twilight Saga: Breaking Dawn Part 2,LG/S,2012
The Amazing Spider-Man,Sony,2012
Madagascar 3: Europe's Most Wanted,P/DW,2012
The Hunger Games,LGF,2012
MIB 3,Sony,2012
Life of Pi,Fox,2012
Ted,Uni.,2012
Brave,BV,2012
Wreck-It Ralph,BV,2012
Les Miserables (2012),Uni.,2012
The Intouchables (U.S.-only),Wein.,2012
Django Unchained,Wein.,2012
Prometheus,Fox,2012
Snow White and the Huntsman,Uni.,2012
Taken 2,Fox,2012
Hotel Transylvania,Sony,2012
Dr. Seuss' The Lorax,Uni.,2012
Titanic 3D,Par.,2012
Journey 2: The Mysterious Island,WB (NL),2012
The Expendables 2,LGF,2012
Rise of the Guardians,P/DW,2012
Wrath of the Titans,WB,2012
Battleship,Uni.,2012
John Carter,BV,2012
The Bourne Legacy,Uni.,2012
Lincoln,BV,2012
Dark Shadows,WB,2012
Resident Evil: Retribution,SGem,2012
Silver Linings Playbook,Wein.,2012
American Reunion,Uni.,2012
Argo,WB,2012
Jack Reacher,Par.,2012
Safe House,Uni.,2012
21 Jump Street,Sony,2012
Total Recall (2012),Sony,2012
The Vow,SGem,2012
Mirror Mirror,Rela.,2012
The Impossible,LG/S,2012
The Dictator,Par.,2012
Looper,TriS,2012
Magic Mike,WB,2012
Flight,Par.,2012
Underworld Awakening,SGem,2012
This Means War,Fox,2012
The Secret World of Arrietty,BV,2012
Paranormal Activity 4,Par.,2012
Step Up Revolution,LG/S,2012
The Best Exotic Marigold Hotel,FoxS,2012
Zero Dark Thirty,Sony,2012
Ghost Rider: Spirit of Vengeance,Sony,2012
Cloud Atlas,WB,2012
The Woman in Black,CBS,2012
Chronicle (2012),Fox,2012
The Pirates! Band of Misfits,Sony,2012
Parental Guidance,Fox,2012
Abraham Lincoln: Vampire Hunter,Fox,2012
Pitch Perfect,Uni.,2012
Hope Springs,Sony,2012
ParaNorman,Focus,2012
The Campaign,WB,2012
Let the Bullets Fly,Vari.,2012
Star Wars: Episode I - The Phantom Menace (in 3D),Fox,2012
Project X,WB,2012
The Devil Inside,Par.,2012
The Lucky One,WB,2012
Contraband,Uni.,2012
Think Like a Man,SGem,2012
This Is 40,Uni.,2012
The Inbetweeners Movie,WHE,2012
The Possession,LGF,2012
What to Expect When You're Expecting,LGF,2012
The Thieves,WGUSA,2012
Savages (2012),Uni.,2012
Frankenweenie,BV,2012
Act of Valor,Rela.,2012
Masquerade (2012),CJ,2012
Sinister,LG/S,2012
The Grey,ORF,2012
Diary of a Wimpy Kid: Dog Days,Fox,2012
To Rome with Love,SPC,2012
Here Comes the Boom,Sony,2012
Finding Nemo (3D),BV,2012
Anna Karenina,Focus,2012
The Watch,Fox,2012
Moonrise Kingdom,Focus,2012
Tyler Perry's Madea's Witness Protection,LGF,2012
The Cabin in the Woods,LGF,2012
Beauty and the Beast (3D),BV,2012
Rock of Ages,WB (NL),2012
That's My Boy,Sony,2012
The Odd Life of Timothy Green,BV,2012
The Three Stooges,Fox,2012
The Five-Year Engagement,Uni.,2012
Lawless,Wein.,2012
Silent Hill: Revelation 3D,ORF,2012
Red Tails,Fox,2012
"Monsters, Inc. (3D)",BV,2012
Trouble with the Curve,WB,2012
Little White Lies,MPI,2012
End of Watch,ORF,2012
Man on a Ledge,LG/S,2012
Red Dawn (2012),FD,2012
House at the End of The Street,Rela.,2012
The Guilt Trip,Par.,2012
A Werewolf Boy,CJ,2012
Safe (2012),LGF,2012
Killing Them Softly,Wein.,2012
Chernobyl Diaries,WB,2012
One For the Money,LGF,2012
Dredd,LGF,2012
Tyler Perry's Good Deeds,LGF,2012
Arbitrage,RAtt.,2012
Chimpanzee,BV,2012
Alex Cross,LG/S,2012
Salmon Fishing in the Yemen,CBS,2012
Fetih 1453: The Conquest of Constantinople,NeoC,2012
Cirque Du Soleil: Worlds Away,Par.,2012
The Perks of Being a Wallflower,LG/S,2012
Haywire,Rela.,2012
Katy Perry: Part of Me,Par.,2012
Lockout,FD,2012
Joyful Noise,WB,2012
Premium Rush,Sony,2012
The Raven,Rela.,2012
Rowdy Rathore,UTV,2012
Dragon (2012),RTWC,2012
Bol Bachchan,FIP,2012
The Master,Wein.,2012
Rust and Bone,SPC,2012
Big Miracle,Uni.,2012
Sparkle (2012),TriS,2012
To the Arctic (IMAX),WB,2012
Hitchcock,FoxS,2012
A Thousand Words,P/DW,2012
Wanderlust,Uni.,2012
Beasts of the Southern Wild,FoxS,2012
Polisse,IFC,2012
Amour,SPC,2012
The Man with the Iron Fists,Uni.,2012
Solomon Kane,RTWC,2012
Seven Psychopaths,CBS,2012
Gone,LG/S,2012
Norwegian Wood,RF,2012
The Cold Light of Day,LG/S,2012
My Way (2012),CJ,2012
Tomorrow When the War Began,Free,2012
We Have a Pope,IFC,2012
Headhunters,Magn.,2012
Hit and Run,ORF,2012
War of the Buttons (2012),Wein.,2012
Red Lights (2012),MNE,2012
The Words,CBS,2012
Playing for Keeps,FD,2012
Silent House,ORF,2012
Friends with Kids,RAtt.,2012
The Well-Digger's Daughter,KL,2012
Klown,Drft.,2012
People Like Us,BV,2012
Seeking Justice,Anch.,2012
Bachelorette,RTWC,2012
This Must Be the Place,Wein.,2012
Fun Size,Par.,2012
Rec 3: Genesis,Magn.,2012
Delicacy,Cohen,2012
Seeking a Friend for the End of the World,Focus,2012
The Apparition,WB,2012
For Greater Glory,ArcEnt,2012
Hysteria,SPC,2012
Bernie,MNE,2012
The Sessions,FoxS,2012
Ruby Sparks,FoxS,2012
Hyde Park on Hudson,Focus,2012
On the Road,IFC,2012
Boy (2012),PalUni,2012
Piranha 3DD,W/Dim.,2012
Easy Money (2012),Wein.,2012
Space Dogs 3D,EpicPics,2012
Bel Ami,Magn.,2012
Promised Land (2012),Focus,2012
Iron Sky,EOne,2012
Casa De Mi Padre,LGF,2012
Heroine,UTV,2012
A Royal Affair,Magn.,2012
All Together,KL,2012
My Worst Nightmare,Strand,2012
The Collection,LD,2012
Monsieur Lazhar (U.S.-only),MBox,2012
Goon,Magn.,2012
Cosmopolis,EOne,2012
Chasing Mavericks,Fox,2012
Declaration of War,IFC,2012
Puella Magi Madoka Magica the Movie,Elev.,2012
Albert Nobbs,RAtt.,2012
In Darkness,SPC,2012
Won't Back Down,Fox,2012
Farewell My Queen,Cohen,2012
The Tall Man,Imag.,2012
Girl in Progress,LGF,2012
"Jeff, Who Lives at Home",ParV,2012
Barbara,AF,2012
The Raid: Redemption,SPC,2012
Safety Not Guaranteed,FD,2012
Nitro Circus the Movie 3D,ArcEnt,2012
"Lula, Son of Brazil",NYer,2012
The Lady,Cohen,2012
Branded,RAtt.,2012
The Rabbi's Cat,GK,2012
Searching for Sugar Man,SPC,2012
Killer Joe,LD,2012
Hara-Kiri: Death of a Samurai,Trib.,2012
Robot & Frank,Gold.,2012
Raiders of the Lost Ark (IMAX),Par.,2012
Celeste and Jesse Forever,SPC,2012
Jab Tak Hai Jaan,Yash,2012
Intruders,MNE,2012
Talaash,Relbig.,2012
Barfi!,UTV,2012
A Simple Life,CL,2012
Samsara,Osci.,2012
Simon and the Oaks,TFA,2012
Jiro Dreams of Sushi,Magn.,2012
Dabangg 2,Eros,2012
Kid With a Bike,IFC,2012
The Queen of Versailles,Magn.,2012
Ek Tha Tiger,Yash,2012
Chico & Rita,GK,2012
Stolen (2012),MNE,2012
Footnote,SPC,2012
The Imposter,IM,2012
Agneepath,Eros,2012
The Day I Saw Your Heart,FM,2012
English Vinglish,Eros,2012
Housefull 2,Eros,2012
The Cup (2012),Myr.,2012
Tales of the Night,GK,2012
Beloved (2012),IFC,2012
360,Magn.,2012
2 Days in New York,Magn.,2012
Your Sister's Sister,IFC,2012
Hermano,MBox,2012
Lay the Favorite,RTWC,2012
Soldiers of Fortune,RAtt.,2012
A Late Quartet,EOne,2012
I Wish,Magn.,2012
The Salt of Life,Zeit.,2012
Chicken with Plums,SPC,2012
Marley,Magn.,2012
The Paperboy,MNE,2012
Chasing Ice,SD,2012
Unforgivable,Strand,2012
A Little Bit of Heaven,MNE,2012
The Other Son,Cohen,2012
Meerkats,NGE,2012
"For a Good Time, Call...",Focus,2012
Take This Waltz,Magn.,2012
Cocktail (2012),Eros,2012
Once Upon a Time in Anatolia,CGld,2012
Ek Main Aur Ekk Tu,UTV,2012
The Deep Blue Sea,MBox,2012
Coriolanus,Wein.,2012
Diana Vreeland: The Eye Has to Travel,Gold.,2012
First Position,IFC,2012
Damsels in Distress,SPC,2012
Rampart,MNE,2012
Elles,KL,2012
W.E.,Wein.,2012
Breathing,KL,2012
Darling Companion,SPC,2012
Teri Meri Kahaani,Eros,2012
Son of Sardaar,Eros,2012
Agent Vinod,Eros,2012
Student of the Year,Eros,2012
The Polar Express (2012 re-issue),WB,2012
Holy Motors,IM,2012
Free Men,FM,2012
"Peace, Love and Misunderstanding",IFC,2012
Undefeated (2012),Wein.,2012
Sister (2012),AF,2012
Vicky Donor,Eros,2012
Being Flynn,Focus,2012
Ai Weiwei: Never Sorry,IFC,2012
Where Do We Go Now?,SPC,2012
Bully (2012),Wein.,2012
Ferrari Ki Sawaari,Eros,2012
Dark Tide,WHE,2012
Apartment 143,Magn.,2012
Sound of My Voice,FoxS,2012
Khiladi 786,Eros,2012
Smashed,SPC,2012
Universal Soldier: Day of Reckoning,Magn.,2012
The Oranges,ATO,2012
Liberal Arts,IFC,2012
Compliance,Magn.,2012
Back to 1942,CL,2012
The Flowers of War,WHE,2012
Something From Nothing: The Art of Rap,IM,2012
Love in the Buff,CL,2012
Lola Versus,FoxS,2012
Keep the Lights On,MBox,2012
Gerhard Richter Painting,KL,2012
Trishna,IFC,2012
Elena,Zeit.,2012
Tezz,Eros,2012
The Viral Factor,CL,2012
Neil Young Journeys,SPC,2012
Tai Chi Zero,Vari.,2012
The House I Live In,Abr.,2012
10 Years,Anch.,2012
17 Girls,Strand,2012
Tim & Eric's Billion Dollar Movie,Magn.,2012
Any Day Now,MBox,2012
Tere Naal Love Ho Gaya,UTV,2012
The Hunter (2012),Magn.,2012
Butter,RTWC,2012
Kill List,IFC,2012
Flying Swords of Dragon Gate,IM,2012
Joker,UTV,2012
Dark Horse,BM&DH,2012
Shirin Farhad Ki Toh Nikal Padi,Eros,2012
Bullhead,Drft.,2012
Chakravyuh,Eros,2012
Luv Shuv Tey Chicken Khurana,UTV,2012
High School,Anch.,2012
Warriors of the Rainbow: Seediq Bale,WGUSA,2012
The Loneliest Planet,IFC,2012
Forgiveness of Blood,IFC,2012
Toys in the Attic,Hann.,2012
"Turn Me On, Dammit!",NYer,2012
God Bless America,Magn.,2012
Bullet Vanishes,CL,2012
The Woman in the Fifth,ATO,2012
5 Broken Cameras,KL,2012
Hello I Must Be Going,Osci.,2012
The Magic of Belle Isle,Magn.,2012
"Oslo, August 31st",Strand,2012
Wuthering Heights (2012),Osci.,2012
Mugamoodi,UTV,2012
V/H/S,Magn.,2012
Goodbye First Love,IFC,2012
Marina Abramovic: The Artist is Present,MBox,2012
The Eye of the Storm,SEG,2012
Wagner & Me,FRun,2012
The Innkeepers,Magn.,2012
This is Not a Film,PalT,2012
The Island President,Gold.,2012
Detachment,Trib.,2012
The Green Wave,RF,2012
Attenberg,Strand,2012
Deadfall (2012),Magn.,2012
Girlfriend Boyfriend - GF BF,CL,2012
Vulgaria,CL,2012
The Turin Horse,CGld,2012
Jodi Breakers,Yash,2012
Painted Skin: The Resurrection,WGUSA,2012
"All's Well, End's Well (2012)",CL,2012
North Sea Texas,Strand,2012
Double Trouble,CL,2012
The Fairy,KL,2012
Hit So Hard,Vari.,2012
Kalakalappu@Masala Cafe,UTV,2012
The Bay,RAtt.,2012
You've Been Trumped,ICir,2012
Here (2012),Strand,2012
In Another Country,KL,2012
The First Time,Gold.,2012
Bonsai,Strand,2012
The Day,Anch.,2012
28 Hotel Rooms,Osci.,2012
Lovely Molly,Imag.,2012
Juan of the Dead,Outs,2012
4:44: Last Day on Earth,IFC,2012
Little Birds,MNE,2012
Return (2012),Da.,2012
Alps,KL,2012
Patience (After Sebald),CGld,2012
Take Me Home,Mont.,2012
Reuniting the Rubins,Mont.,2012
Cirkus Columbia,Strand,2012
Grassroots,Gold.,2012
Husbands in Goa,UTV,2012
Starry Starry Night,CL,2012
Corpo Celeste,FM,2012
Dreams of a Life,Strand,2012
The Babymakers,MNE,2012
Las Acacias,OutF,2012
The Good Doctor,Magn.,2012
Liar's Autobiography,BSM,2012
Sleepless Night,Trib.,2012
ATM,IFC,2012
About Cherry,IFC,2012
Perfect Sense,IFC,2012
Cheerful Weather for the Wedding,IFC,2012
The Decoy Bride,IFC,2012
Death of a Superhero,Trib.,2012
Frozen,BV,2013
Iron Man 3,BV,2013
Despicable Me 2,Uni.,2013
The Hobbit: The Desolation of Smaug,WB (NL),2013
The Hunger Games: Catching Fire,LGF,2013
Fast & Furious 6,Uni.,2013
Monsters University,BV,2013
Gravity,WB,2013
Man of Steel,WB,2013
Thor: The Dark World,BV,2013
The Croods,Fox,2013
World War Z,Par.,2013
Oz The Great and Powerful,BV,2013
Star Trek Into Darkness,Par.,2013
The Wolverine,Fox,2013
Pacific Rim,WB,2013
The Wolf of Wall Street,Par.,2013
G.I. Joe: Retaliation,Par.,2013
The Hangover Part III,WB,2013
The Great Gatsby (2013),WB,2013
Now You See Me,LG/S,2013
The Smurfs 2,Sony,2013
The Conjuring,WB (NL),2013
A Good Day to Die Hard,Fox,2013
Oblivion,Uni.,2013
Elysium,TriS,2013
Turbo,Fox,2013
Cloudy with a Chance of Meatballs 2,Sony,2013
We're the Millers,WB (NL),2013
Epic,Fox,2013
The Lone Ranger,BV,2013
American Hustle,Sony,2013
Grown Ups 2,Sony,2013
After Earth,Sony,2013
Planes,BV,2013
The Heat,Fox,2013
Hansel and Gretel: Witch Hunters,Par.,2013
Captain Phillips,Sony,2013
White House Down,Sony,2013
Percy Jackson: Sea of Monsters,Fox,2013
Lost in Thailand,WAMCR,2013
Jack the Giant Slayer,WB (NL),2013
The Secret Life of Walter Mitty,Fox,2013
12 Years a Slave,FoxS,2013
Lee Daniels' The Butler,Wein.,2013
Identity Thief,Uni.,2013
Anchorman 2: The Legend Continues,Par.,2013
Olympus Has Fallen,FD,2013
Insidious Chapter 2,FD,2013
Lone Survivor,Uni.,2013
Jackass Presents: Bad Grandpa,Par.,2013
47 Ronin,Uni.,2013
Red 2,LG/S,2013
Mama,Uni.,2013
Escape Plan,LG/S,2013
Last Vegas,CBS,2013
2 Guns,Uni.,2013
Walking with Dinosaurs,Fox,2013
This is the End,Sony,2013
Ender's Game,LG/S,2013
Prisoners,WB,2013
Saving Mr. Banks,BV,2013
Warm Bodies,LG/S,2013
Jurassic Park 3D,Uni.,2013
Personal Tailor,CL,2013
Free Birds,Rela.,2013
Gangster Squad,WB,2013
Philomena,Wein.,2013
Instructions Not Included,LGF,2013
Riddick,Uni.,2013
Safe Haven,Rela.,2013
Evil Dead (2013),TriS,2013
Blue Jasmine,SPC,2013
The Mortal Instruments: City of Bones,SGem,2013
The Internship,Fox,2013
Rush (2013),Uni.,2013
The Purge,Uni.,2013
Dhoom 3,Yash,2013
About Time,Uni.,2013
Pain and Gain,Par.,2013
Carrie (2013),SGem,2013
The Family (2013),Rela.,2013
Scary Movie 5,W/Dim.,2013
R.I.P.D.,Uni.,2013
Tiny Times,CL,2013
The Book Thief,Fox,2013
Escape From Planet Earth,Wein.,2013
August: Osage County,Wein.,2013
The Best Man Holiday,Uni.,2013
Young Detective Dee: Rise of the Sea Dragon,WAMCR,2013
The Counselor,Fox,2013
The Call,TriS,2013
One Direction: This is Us,TriS,2013
The Grandmaster,Wein.,2013
Side Effects (2013),ORF,2013
The Host (2013),ORF,2013
Runner Runner,Fox,2013
From Up on Poppy Hill,GK,2013
Kick-Ass 2,Uni.,2013
A Haunted House,ORF,2013
Beautiful Creatures (2013),WB,2013
Quartet,Wein.,2013
Dallas Buyers Club,Focus,2013
The Face Reader,PM&E,2013
Tyler Perry's A Madea Christmas,LGF,2013
Tyler Perry's Temptation: Confessions of a Marriage Counselor,LGF,2013
Delivery Man,BV,2013
The Berlin File,CJ,2013
The Last Stand,LGF,2013
21 and Over,Rela.,2013
Her (2013),WB,2013
Tiny Times 2,CL,2013
Texas Chainsaw 3D,LGF,2013
The Big Wedding,LGF,2013
Parker,FD,2013
The World's End,Focus,2013
Grudge Match,WB,2013
Homefront,ORF,2013
Snitch,LG/S,2013
Jobs,ORF,2013
The Place Beyond the Pines,Focus,2013
Inside Llewyn Davis,CBS,2013
Mud,RAtt.,2013
Movie 43,Rela.,2013
Kevin Hart: Let Me Explain,LG/S,2013
Spring Breakers,A24,2013
New World (2013),WGUSA,2013
Don Jon,Rela.,2013
I Give It a Year,Magn.,2013
Nebraska,Par.,2013
The Incredible Burt Wonderstone,WB (NL),2013
Mandela: Long Walk to Freedom,Wein.,2013
Khumba,MNE,2013
Dark Skies,W/Dim.,2013
Enough Said,FoxS,2013
Trance,FoxS,2013
"The Way, Way Back",FoxS,2013
Kon-Tiki,Wein.,2013
Baggage Claim,FoxS,2013
Diana,EOne,2013
The Great Beauty,Jan.,2013
22 Bullets,Cdgm.,2013
The Sapphires,Wein.,2013
Broken City,Fox,2013
The Company You Keep,SPC,2013
The Bling Ring,A24,2013
You're Next,LGF,2013
Dead Man Down,FD,2013
Admission,Focus,2013
Fruitvale Station,Wein.,2013
Battle of the Year,SGem,2013
Out of the Furnace,Rela.,2013
Billy and Buddy,Distrib.,2013
The Last Exorcism Part II,CBS,2013
Machete Kills,ORF,2013
Journey to the South Pacific,Imax,2013
Paranoia,Rela.,2013
All Is Lost,RAtt.,2013
Puella Magi Madoka Magica the Movie: Rebellion,Elev.,2013
Stoker,FoxS,2013
In the House,Cohen,2013
I'm So Excited,SPC,2013
Haute Cuisine,Wein.,2013
Before Midnight,SPC,2013
Only God Forgives,RTWC,2013
The Past,SPC,2013
Love is All You Need,SPC,2013
Bullet to the Head,WB,2013
Tyler Perry Presents Peeples,LGF,2013
Jerusalem,NGE,2013
The Fifth Estate,BV,2013
Upside Down,MNE,2013
Metallica Through the Never,PH,2013
Pulling Strings,LGF,2013
Black Nativity,FoxS,2013
Blue Is the Warmest Color,IFC,2013
Unfinished Song,Wein.,2013
The Angels' Share,IFC,2013
The Spectacular Now,A24,2013
The Sweeney,EOne,2013
Believe,ORF,2013
Matru Ki Bijlee Ka Mandola,FIP,2013
Closed Circuit,Focus,2013
Populaire,Wein.,2013
Broken Circle Breakdown,Trib.,2013
Fists of Legend,CJ,2013
Chennai Express,UTV,2013
20 Feet from Stardom,RTWC,2013
Oldboy (2013),FD,2013
Commitment,WGUSA,2013
White Elephant,Strand,2013
Much Ado About Nothing (2013),RAtt.,2013
Frances Ha,IFC,2013
You Will Be My Son,Cohen,2013
Yeh Jawaani Hai Deewani,Eros,2013
Pieta,Drft.,2013
Mental,Da.,2013
The To-Do List,CBS,2013
Mr. Nobody,Magn.,2013
Emperor,RAtt.,2013
Stand Up Guys,LGF,2013
In a World,RAtt.,2013
Ram-Leela,Eros,2013
Capital,Cohen,2013
The East,FoxS,2013
I'm In Love With a Church Girl,HTR,2013
No (2013),SPC,2013
Renoir,Gold.,2013
The Christmas Candle,ELS,2013
Reality (2013),Osci.,2013
Krrish 3,Eros,2013
Austenland,SPC,2013
The Sorcerer and the White Snake,Magn.,2013
The Snitch Cartel,PI,2013
The Iceman (2013),MNE,2013
All the Boys Love Mandy Lane,RTWC,2013
Fill the Void,SPC,2013
Starbuck (U.S. only),E1,2013
Bhaag Milkha Bhaag,Relbig.,2013
Therese,MPI,2013
Stories We Tell,RAtt.,2013
Lovelace,RTWC,2013
Race 2,UTV,2013
Disconnect,LD,2013
Girl Most Likely,RAtt.,2013
Wadjda (U.S. only),SPC,2013
The Kings of Summer,CBS,2013
The Invisible Woman,SPC,2013
Violeta Went to Heaven,KL,2013
Romeo and Juliet (2013),Rela.,2013
Still Mine,Gold.,2013
The Wall (2013),MBox,2013
Kai Po Che,UTV,2013
What Maisie Knew,MNE,2013
Thanks for Sharing,RAtt.,2013
Ain't Them Bodies Saints,IFC,2013
Kill Your Darlings,SPC,2013
Short Term 12,Cdgm.,2013
Ginger & Rosa,A24,2013
Lore,MBox,2013
Raanjhana,Eros,2013
6 Souls,RTWC,2013
Generation Iron,TVC,2013
The Monk,ATO,2013
Satyagraha,UTV,2013
Hannah Arendt,Zeit.,2013
Besharam,Relbig.,2013
Salinger,Wein.,2013
The Hunt,Magn.,2013
Walking the Camino: Six Ways to Santiago,FEF,2013
To The Wonder,Magn.,2013
Lootera,Eros,2013
Museum Hours,CGld,2013
The Reluctant Fundamentalist,IFC,2013
You Ain't Seen Nothin' Yet,KL,2013
The Inevitable Defeat of Mister and Pete,LGF,2013
Act of Killing,Drft.,2013
Sound City,Vari.,2013
Shadow Dancer,Magn.,2013
A Hijacking,Magn.,2013
Grand Masti,Eros,2013
Phata Poster Nikla Hero,Eros,2013
The Armstrong Lie,SPC,2013
Tai Chi Hero,WGUSA,2013
At Any Price,SPC,2013
Shootout at Wadala,Eros,2013
Gori Tere Pyaar Mein,Relbig.,2013
Adore,EXCL,2013
A Bottle in the Gaza Sea,FM,2013
Go Goa Gone,Eros,2013
Blancanieves,Cohen,2013
Himmatwala,UTV,2013
Great Expectations (2013),MSF,2013
The Silence,MBox,2013
Singh Saab The Great,Eros,2013
ABCD (Any Body Can Dance),UTV,2013
Arthur Newman,Cdgm.,2013
Ghanchakkar,UTV,2013
Midnight's Children,P/108,2013
R... Rajkumar,Eros,2013
We Steal Secrets: The Story of Wikileaks,FCW,2013
The Patience Stone,SPC,2013
Rangeelay,Eros,2013
Drug War,Vari.,2013
Beyond the Hills,IFC,2013
Storm Surfers 3D,XL,2013
Yossi,Strand,2013
Spinning Plates,TFA,2013
Ek Thi Daayan,Eros,2013
The English Teacher,Cdgm.,2013
Man of Tai Chi,RTWC,2013
Passion,EOne,2013
Byzantium,IFC,2013
The Rooftop,WGUSA,2013
We Are What We Are,EOne,2013
Stuck in Love,MNE,2013
More Than Honey,KL,2013
Caesar Must Die,AF,2013
Leviathan (2013),CGld,2013
No One Lives,Anch.,2013
War Witch,Trib.,2013
The Pervert's Guide to Ideology,Zeit.,2013
My Lucky Star,CL,2013
Becoming Traviata,Distrib.,2013
Sightseers,IFC,2013
The Canyons,IFC,2013
Table No. 21,Eros,2013
Wish You Were Here (2013),EOne,2013
A Glimpse Inside the Mind of Charles Swan III,A24,2013
The We and the I,P/108,2013
Killing Season,MNE,2013
Post Tenebras Lux,Strand,2013
Rising From Ashes,FRun,2013
Berberian Sound Studio,IFC,2013
Ip Man: The Final Fight,WGUSA,2013
Redemption (2013),RAtt.,2013
Camille Claudel 1915,KL,2013
Bastards,IFC,2013
Paradise: Love,Strand,2013
Our Children,Distrib.,2013
V/H/S/2,Magn.,2013
The Look of Love,IFC,2013
The Painting (2013),GK,2013
Terraferma,Cohen,2013
Love and Honor (2013),IFC,2013
Nostalghia,KL,2013
Casting By,SD,2013
Violet & Daisy,Cdgm.,2013
Jayne Mansfield's Car,Anch.,2013
A Wedding Invitation,CJ,2013
Red Obsession,A23,2013
The Selfish Giant,IFC,2013
Charlie Countryman,MNE,2013
Just Like a Woman,Cohen,2013
So Young,CL,2013
In the Name Of,FM,2013
InchAllah (U.S. only),EOne,2013
Welcome to the Punch,IFC,2013
Clandestine Childhood,IFC,2013
Argento's Dracula 3D,IFC,2013
Finding Mr. Right,CL,2013
Paradise: Hope,Strand,2013
Paradise: Faith,Strand,2013
The Guillotines,WGUSA,2013
The Stroller Strategy,Rialto,2013
What Richard Did,Trib.,2013
Caught in the Web,Vita.,2013
I Spit on Your Grave 2,Anch.,2013
Into the White,Magn.,2013
Storage 24,Magn.,2013
Transformers: Age of Extinction,Par.,2014
The Hobbit: The Battle of the Five Armies,WB (NL),2014
Guardians of the Galaxy,BV,2014
Maleficent,BV,2014
The Hunger Games: Mockingjay - Part 1,LGF,2014
X-Men: Days of Future Past,Fox,2014
Captain America: The Winter Soldier,BV,2014
Dawn of the Planet of the Apes,Fox,2014
The Amazing Spider-Man 2,Sony,2014
Interstellar,Par.,2014
Big Hero 6,BV,2014
How to Train Your Dragon 2,Fox,2014
American Sniper,WB,2014
Godzilla (2014),WB,2014
Rio 2,Fox,2014
Teenage Mutant Ninja Turtles (2014),Par.,2014
The LEGO Movie,WB,2014
Lucy,Uni.,2014
Penguins of Madagascar,Fox,2014
Edge of Tomorrow,WB,2014
Gone Girl,Fox,2014
Night at the Museum: Secret of the Tomb,Fox,2014
Noah,Par.,2014
The Maze Runner,Fox,2014
300: Rise of An Empire,WB,2014
22 Jump Street,Sony,2014
The Fault in our Stars,Fox,2014
Divergent,LG/S,2014
Mr. Peabody & Sherman,Fox,2014
Neighbors,Uni.,2014
Exodus: Gods and Kings,Fox,2014
Annabelle,WB (NL),2014
Hercules (2014),Par.,2014
RoboCop (2014),Sony,2014
The Imitation Game,Wein.,2014
Non-Stop,Uni.,2014
Dracula Untold,Uni.,2014
The Expendables 3,LGF,2014
Into the Woods,BV,2014
Fury (2014),Sony,2014
Journey to the West,Magn.,2014
Need for Speed,BV,2014
The Other Woman (2014),Fox,2014
The Equalizer,Sony,2014
Breakup Buddies,CL,2014
The Grand Budapest Hotel,FoxS,2014
Dumb and Dumber To,Uni.,2014
Unbroken,Uni.,2014
Into The Storm,WB (NL),2014
The Monuments Men,Sony,2014
Ride Along,Uni.,2014
Planes: Fire & Rescue,BV,2014
Let's Be Cops,Fox,2014
Jack Ryan: Shadow Recruit,Par.,2014
Annie (2014),Sony,2014
Blended,WB,2014
Sex Tape,Sony,2014
The Theory of Everything,Focus,2014
The Nut Job,ORF,2014
The Wind Rises,BV,2014
Pompeii,TriS,2014
The Admiral: Roaring Currents,CJ,2014
The Purge: Anarchy,Uni.,2014
The Boxtrolls,Focus,2014
Horrible Bosses 2,WB,2014
Ouija,Uni.,2014
Birdman,FoxS,2014
Transcendence,WB,2014
"Alexander and the Terrible, Horrible, No Good, Very Bad Day",BV,2014
Heaven is for Real,TriS,2014
Tammy,WB (NL),2014
P.K.,UTV,2014
The Book of Life (2014),Fox,2014
Paranormal Activity: The Marked Ones,Par.,2014
The Hundred-Foot Journey,BV,2014
John Wick,LG/S,2014
Deliver Us From Evil,SGem,2014
A Million Ways to Die in the West,Uni.,2014
Snowpiercer,RTWC,2014
Step Up All In,LG/S,2014
The Judge,WB,2014
Muppets Most Wanted,BV,2014
If I Stay,WB (NL),2014
"I, Frankenstein",LGF,2014
The Attorney,WGUSA,2014
Think Like a Man Too,SGem,2014
Brick Mansions,Rela.,2014
Stalingrad (2014),Sony,2014
Son of God,Fox,2014
Jersey Boys,WB,2014
The Giver,Wein.,2014
Selma,Par.,2014
God's Not Dead,Free,2014
Thunder and the House of Magic!,Shout!,2014
Begin Again,Wein.,2014
The Legend of Hercules,LG/S,2014
Evangelion: 3.0 You Can (Not) Redo,Elev.,2014
Dolphin Tale 2,WB,2014
St. Vincent,Wein.,2014
No Good Deed (2014),SGem,2014
A Walk Among the Tombstones,Uni.,2014
3 Days to Kill,Rela.,2014
Wild (2014),FoxS,2014
Magic in the Moonlight,SPC,2014
Dragon Ball Z: Battle of Gods,SV,2014
About Last Night (2014),SGem,2014
Whiplash,SPC,2014
Chef,ORF,2014
Earth to Echo,Rela.,2014
Boyhood,IFC,2014
Oculus,Rela.,2014
Bang Bang,FIP,2014
As Above/So Below,Uni.,2014
This is Where I Leave You,WB,2014
That Awkward Moment,Focus,2014
Frank Miller's Sin City: A Dame to Kill For,W/Dim.,2014
The Gambler,Par.,2014
Million Dollar Arm,BV,2014
Nightcrawler,ORF,2014
Devil's Due,Fox,2014
A Most Wanted Man,RAtt.,2014
The Best of Me,Rela.,2014
Endless Love (2014),Uni.,2014
Get On Up,Uni.,2014
The November Man,Rela.,2014
The Pirates,WGUSA,2014
Winter's Tale,WB,2014
When the Game Stands Tall,TriS,2014
Draft Day,LG/S,2014
Big Eyes,Wein.,2014
The Divine Move,CJ,2014
Top Five,Par.,2014
Iceman (2014),WGUSA,2014
And So It Goes,CE,2014
On the Other Side of the Tracks,Wein.,2014
The Players,Wein.,2014
The Tale of The Princess Kaguya,GK,2014
A Haunted House 2,ORF,2014
The Railway Man,Wein.,2014
Mr. Turner,SPC,2014
The Suspect (2014),WGUSA,2014
Bears,BV,2014
Yves Saint Laurent,Wein.,2014
Labor Day,Par.,2014
"Like Father, Like Son (2014)",IFC,2014
Left Behind (2014),Free,2014
Legends of Oz: Dorothy's Return,CE,2014
The Drop,FoxS,2014
The Quiet Ones,LGF,2014
Sabotage (2014),ORF,2014
Addicted,LGF,2014
Road to Ninja - Naruto the Movie,Elev.,2014
Calvary,FoxS,2014
The Pyramid,Fox,2014
Tyler Perry's The Single Moms Club,LGF,2014
Beyond Outrage,Magn.,2014
Before I Go To Sleep,CE,2014
Vampire Academy,Wein.,2014
Inherent Vice,WB,2014
Island of Lemurs: Madagascar (IMAX),WB,2014
The Two Faces of January,Magn.,2014
Fading Gigolo,MNE,2014
Foxcatcher,SPC,2014
A Most Violent Year,A24,2014
The Interview (2014),Sony,2014
One Chance,Wein.,2014
Bicycling with Moliere,Strand,2014
Belle,FoxS,2014
Wetlands,Strand,2014
Moms' Night Out,TriS,2014
The Babadook,IFC,2014
Nymphomaniac: Volume I,Magn.,2014
Gladiators of Rome,VPD,2014
Mood Indigo,Drft.,2014
Alan Partridge: The Movie,Magn.,2014
Venus in Fur,IFC,2014
Filth,Magn.,2014
What If (2014),CBS,2014
Finding Fanny,FIP,2014
Pride (2014),CBS,2014
Chinese Puzzle,Cohen,2014
A Long Way Down,Magn.,2014
Jessabelle,LGF,2014
"Two Days, One Night",IFC,2014
A Letter to Momo,GK,2014
Cantinflas,LGF,2014
Le Chef,Cohen,2014
Mas Negro Que La Noche,LGF,2014
French Gigolo (Cliente),IFC,2014
The Trip to Italy,IFC,2014
The Immigrant,Wein.,2014
Wish I Was Here,Focus,2014
Under the Skin (2014),A24,2014
The Skeleton Twins,RAtt.,2014
The French Minister,IFC,2014
Ernest & Celestine,GK,2014
Tracks (2014),Wein.,2014
The Love Punch,KE,2014
Dear White People,RAtt.,2014
The Lunchbox,SPC,2014
My Old Lady,Cohen,2014
Diplomacy,Zeit.,2014
Horns,RTWC,2014
Ida,MBox,2014
14 Blades,RTWC,2014
Ragnarok,Magn.,2014
Veronica Mars,WB,2014
Mommy,RAtt.,2014
Jack and the Cuckoo-Clock Heart,Shout!,2014
The Grand Seduction,EOne,2014
Enemy,A24,2014
Words and Pictures,RAtt.,2014
The Protector 2,Magn.,2014
The Rover,A24,2014
The Mystery of Happiness,Strand,2014
Rosewater,ORF,2014
Obvious Child,A24,2014
The German Doctor,Gold.,2014
Citizenfour,RTWC,2014
A Coffee in Berlin,MBox,2014
The Good Lie,WB,2014
The Raid 2,SPC,2014
Living is Easy with Eyes Closed,Outs,2014
A Five Star Life,MBox,2014
Kick,UTV,2014
Kill the Messenger,Focus,2014
The Homesman,Saban,2014
Blood Ties (2014),RAtt.,2014
The Guest (2014),PH,2014
Life of Riley,KL,2014
Ode to My Father,CJ,2014
Love is Strange,SPC,2014
Marius,KL,2014
"Men, Women & Children",Par.,2014
2 States,UTV,2014
Nymphomaniac: Volume II,Magn.,2014
Le Week-End,MBox,2014
Gloria (2014),RAtt.,2014
"20,000 Days on Earth",Drft.,2014
Only Lovers Left Alive,SPC,2014
Tusk,A24,2014
Awake: The Life of Yogananda,CF&SR,2014
Fed Up,RTWC,2014
Finding Vivian Maier,IFC,2014
Make Your Move,HTR,2014
Bright Days Ahead,Trib.,2014
Locke,A24,2014
Force Majeure,Magn.,2014
Postman Pat: The Movie,Shout!,2014
Just a Sigh,Distrib.,2014
Jai Ho,Eros,2014
For a Woman,FM,2014
Singham Returns,Eros,2014
Why Don't You Play in Hell,Drft.,2014
The Remaining,Triu,2014
The Way He Looks,Strand,2014
Ilo Ilo,FM,2014
Hector And The Search For Happiness,Rela.,2014
Leviathan (2014),SPC,2014
The Captive,A24,2014
Laggies,A24,2014
Jackpot,DR,2014
Lila Lila,Crnth,2014
Haider,UTV,2014
Third Person,SPC,2014
Borgman,Drft.,2014
The Disappearance of Eleanor Rigby,Wein.,2014
Shaadi Ke Side Effects,Eros,2014
Song of the Sea,GK,2014
Kochadaiiyaan,Eros,2014
Age of Uprising: The Legend of Michael Kohlhaas (U.S. only),MBox,2014
The Zero Theorem,Ampl.,2014
Palo Alto,Trib.,2014
Ek Villain,Eros,2014
Khoobsurat,UTV,2014
Holiday (2014),Relbig.,2014
Hasee Toh Phasee,Relbig.,2014
Frank,Magn.,2014
Mary Kom,Eros,2014
The Signal (2014),Focus,2014
Back in Time (Congcong Nanian),CL,2014
Highway (2014),UTV,2014
Dom Hemingway,FoxS,2014
The One I Love,RTWC,2014
Archipelago,KL,2014
A Girl Walks Home Alone at Night,KL,2014
The Congress,Drft.,2014
In Secret,RAtt.,2014
Bjork - Biophilia Live,CP,2014
But Always (Yi Sheng Yi Shi),CL,2014
Beijing Love Story,CL,2014
Goodbye to Language,KL,2014
Humpty Sharma Ki Dulhania,Relbig.,2014
Women Who Flirt (Sajiao Nvren),CL,2014
Joe (2014),RAtt.,2014
Omar,AF,2014
The Face of Love,IFC,2014
Jimi: All Is By My Side,XL,2014
I Origins,FoxS,2014
The Last Sentence,MBox,2014
On My Way,Cohen,2014
Happy Ending,Eros,2014
I Am Eleven,Proud,2014
7 Boxes,BGP,2014
The Dance of Reality,Abk.,2014
Elsa & Fred (2014),MNE,2014
Main Tera Hero,Eros,2014
Night Moves,Cdgm.,2014
Love on the Cloud (Wei Ai),CL,2014
Life of Crime,RAtt.,2014
The Green Prince,MBox,2014
Action Jackson (2014),Eros,2014
The Blue Room,IFC,2014
Tazza: The Hidden Card,CJ,2014
James Cameron's Deepsea Challenge 3D,DLA,2014
Gabrielle (2014),EOne,2014
The Breakup Guru,CL,2014
Bethlehem,AF,2014
The Double (2014),Magn.,2014
Listen Up Philip,Trib.,2014
We Are The Best!,Magn.,2014
That Demon Within,CL,2014
God's Pocket,IFC,2014
Unrelated,KL,2014
The Polar Express (2014 re-issue),WB,2014
May in the Summer,Cohen,2014
The Jewish Cardinal,FM,2014
Zero Motivation,Zeit.,2014
Life's a Breeze,Magn.,2014
The Golden Era,CL,2014
God Help the Girl,Ampl.,2014
The Best Offer,IFC,2014
Child's Pose,Zeit.,2014
Cuban Fury,EOne,2014
Girl on a Bicycle,Mont.,2014
Breathe In,Cohen,2014
Life After Beth,A24,2014
Advanced Style,B360,2014
Better Living Through Chemistry,Gold.,2014
For No Good Reason,SPC,2014
The Notebook (2014),SPC,2014
Heropanti,UTV,2014
No Tears for the Dead,CJ,2014
Young and Beautiful,IFC,2014
Siddharth,Zeit.,2014
Walk of Shame,FCW,2014
The Conformist (2014 re-release),KL,2014
Rudderless,Gold.,2014
The Rocket (2014),KL,2014
In Bloom,BWP,2014
Starred Up,Trib.,2014
Half of a Yellow Sun,Mont.,2014
Hateship Loveship,IFC,2014
"1,000 Times Good Night",FM,2014
The Missing Picture,Strand,2014
Decoding Annie Parker,EOne,2014
Alphaville (2013 re-release),Rialto,2014
Return to The Hiding Place,SEA,2014
Policeman,Crnth,2014
White Bird in a Blizzard,Magn.,2014
The Hero of Color City,Magn.,2014
Bird People,IFC,2014
Closed Curtain,Vari.,2014
Lilting,Strand,2014
Adult World,IFC,2014
A Tale of Winter (Conte d'hiver),BWP,2014
The Decent One,KL,2014
Guardian Angel,RME,2014
Tasting Menu,Magn.,2014
Two Night Stand,EOne,2014
Burning Bush,KL,2014
Horses of God,KL,2014
13 Sins,RTWC,2014
Camp X-Ray,IFC,2014
Special ID,WGUSA,2014
Wolves,KE,2014
Falcon Rising,Free,2014
You're Not You,EOne,2014
The Amazing Catfish,Strand,2014
Stray Dogs,CGld,2014
Canopy,Mont.,2014
Love is in the Air,FCW,2014
Empty Hours,Strand,2014
Rigor Mortis,WGUSA,2014
The Little Bedroom,CLS,2014
Very Good Girls,WGUSA,2014
Pioneer,Magn.,2014
Life of a King,MNE,2014
The Strange Little Cat,KS,2014
"2 Autumns, 3 Winters",FM,2014
The Devil's Hand,RAtt.,2014
Anna,VE,2014
Open Windows,Cdgm.,2014
Mr. Pip,Free,2014
Star Wars: The Force Awakens,BV,2015
Jurassic World,Uni.,2015
Furious 7,Uni.,2015
Avengers: Age of Ultron,BV,2015
Minions,Uni.,2015
Spectre,Sony,2015
Inside Out,BV,2015
Mission: Impossible - Rogue Nation,Par.,2015
The Hunger Games: Mockingjay - Part 2,LGF,2015
The Martian,Fox,2015
Fifty Shades of Grey,Uni.,2015
Cinderella (2015),BV,2015
The Revenant,Fox,2015
Ant-Man,BV,2015
Hotel Transylvania 2,Sony,2015
San Andreas,WB (NL),2015
Terminator: Genisys,Par.,2015
Kingsman: The Secret Service,Fox,2015
Home (2015),Fox,2015
Mad Max: Fury Road,WB,2015
The Good Dinosaur,BV,2015
Taken 3,Fox,2015
The SpongeBob Movie: Sponge Out of Water,Par.,2015
Maze Runner: The Scorch Trials,Fox,2015
The Divergent Series: Insurgent,LG/S,2015
Pitch Perfect 2,Uni.,2015
Paddington,W/Dim.,2015
Mojin: The Lost Legend,WGUSA,2015
Lost in Hong Kong,WGUSA,2015
The Peanuts Movie,Fox,2015
Pixels,Sony,2015
Daddy's Home,Par.,2015
Spy,Fox,2015
Alvin and the Chipmunks: The Road Chip,Fox,2015
Goodbye Mr. Loser,CL,2015
Ted 2,Uni.,2015
Tomorrowland,BV,2015
Everest (2015),Uni.,2015
Straight Outta Compton,Uni.,2015
The Intern,WB,2015
Jupiter Ascending,WB,2015
Creed,WB (NL),2015
Fantastic Four,Fox,2015
Bridge of Spies,BV,2015
Focus (2015),WB,2015
The Hateful Eight,Wein.,2015
Goosebumps,Sony,2015
The Last Witch Hunter,LG/S,2015
The Taking of Tiger Mountain,WGUSA,2015
Trainwreck,Uni.,2015
Mr. Six,CL,2015
Point Break (2015),WB,2015
The Big Short,Par.,2015
Pan,WB,2015
Wolf Totem,Sony,2015
Magic Mike XXL,WB,2015
Dragon Blade,LGP,2015
Seventh Son,Uni.,2015
Insidious Chapter 3,Focus,2015
Get Hard,WB,2015
The Man From U.N.C.L.E.,WB,2015
Paul Blart: Mall Cop 2,Sony,2015
Shaun the Sheep Movie,LGF,2015
Sisters,Uni.,2015
Vacation,WB (NL),2015
Chappie,Sony,2015
Joy,Fox,2015
Black Mass,WB,2015
Devil and Angel (E Gun Tian Shi),CL,2015
The Visit,Uni.,2015
Spotlight,ORF,2015
Poltergeist (2015),Fox,2015
In the Heart of the Sea,WB,2015
Southpaw,Wein.,2015
The Second Best Exotic Marigold Hotel,FoxS,2015
Paper Towns,Fox,2015
Sicario,LGF,2015
Hitman: Agent 47,Fox,2015
The Wedding Ringer,SGem,2015
Paranormal Activity: The Ghost Dimension,Par.,2015
Crimson Peak,Uni.,2015
The Transporter Refueled,EC,2015
Run All Night,WB,2015
War Room,TriS,2015
The Age of Adaline,LGF,2015
The Danish Girl,Focus,2015
Unfriended,Uni.,2015
The Longest Ride,Fox,2015
Brooklyn,FoxS,2015
Dragon Ball Z: Resurrection 'F',FUN,2015
Woman in Gold,Wein.,2015
Krampus,Uni.,2015
The Walk,TriS,2015
The Perfect Guy,SGem,2015
The Gift (2015),STX,2015
No Escape,Wein.,2015
Sinister 2,Focus,2015
Prem Ratan Dhan Payo,FIP,2015
The Boy Next Door,Uni.,2015
The Night Before,Sony,2015
Hot Pursuit,WB (NL),2015
The 100-Year Old Man Who Climbed Out the Window and Disappeared,MBox,2015
The Himalayas,CJ,2015
Surprise - Journey To The West,AR,2015
Entourage,WB,2015
The Woman in Black 2: Angel of Death,Rela.,2015
Concussion (2015),Sony,2015
Mortdecai,LGF,2015
Coming Home (2015),SPC,2015
"McFarland, USA",BV,2015
Max (2015),WB,2015
Still Alice,SPC,2015
The DUFF,LGF,2015
Legend,Uni.,2015
The Gallows,WB (NL),2015
Love the Coopers,LGF,2015
The Lady in the Van,SPC,2015
Ricki and the Flash,TriS,2015
Carol,Wein.,2015
The Lazarus Effect,Rela.,2015
The Water Diviner,WB,2015
A Walk in the Woods,BG,2015
Ex Machina,A24,2015
Burnt,Wein.,2015
Room,A24,2015
The Secret in their Eyes (2015),STX,2015
Steve Jobs,Uni.,2015
Victor Frankenstein,Fox,2015
Project Almanac,Par.,2015
Self/Less,Focus,2015
Far from the Madding Crowd,FoxS,2015
Mr. Holmes,RAtt.,2015
Love & Mercy,RAtt.,2015
Irrational Man,SPC,2015
American Ultra,LGF,2015
Wild Tales,SPC,2015
Aloha,Sony,2015
"Love, Rosie",TFA,2015
The 33,WB,2015
Capture the Flag,Par.,2015
The Gunman,ORF,2015
Go Away Mr. Tumor,CL,2015
Black or White,Rela.,2015
Blackhat,Uni.,2015
Dope,ORF,2015
Brothers: Blood Against Blood,FIP,2015
While We're Young,A24,2015
Monkey Kingdom,BV,2015
Macbeth (2015),Wein.,2015
Scouts Guide to the Zombie Apocalypse,Par.,2015
Suffragette,Focus,2015
It Follows,RTWC,2015
Unfinished Business,Fox,2015
Do You Believe?,PFR,2015
Woodlawn,PFR,2015
Strange Magic,BV,2015
Hot Tub Time Machine 2,Par.,2015
Child 44,LG/S,2015
We Are Your Friends,WB,2015
Danny Collins,BST,2015
Kung Fu Killer,WGUSA,2015
A Little Chaos,FCW,2015
The Loft,ORF,2015
The Young & Prodigious T.S. Spivet,Wein.,2015
Shanghai,Wein.,2015
Un Gallo con Muchos Huevos,LGF,2015
Me and Earl and the Dying Girl,FoxS,2015
Amy,A24,2015
Shaandaar,FIP,2015
Trumbo (2015),BST,2015
Bajrangi Bhaijaan,Eros,2015
I'll See You In My Dreams,BST,2015
The Green Inferno,BH Tilt,2015
Grandma (2015),SPC,2015
Our Brand Is Crisis (2015),WB,2015
Baahubali: The Beginning,BSC,2015
Bajirao Mastani,Eros,2015
Little Boy,ORF,2015
What We Do in the Shadows,U/P,2015
Anomalisa,Par.,2015
Pawn Sacrifice,BST,2015
Serena,Magn.,2015
Mr. X,FIP,2015
Dilwale,UTV,2015
Back to the Future Day,UHE,2015
Trash,FCW,2015
True Story,FoxS,2015
"Buen Dia, Ramon",FIP,2015
Hamari Adhuri Kahani,FIP,2015
45 Years,IFC,2015
Escobar: Paradise Lost,RTWC,2015
Spare Parts,LGF,2015
Learning to Drive,BG,2015
By the Sea,Uni.,2015
Sleeping with Other People,IFC,2015
Phoenix (2015),IFC,2015
Jimmy's Hall,SPC,2015
Dil Dhadakne Do,Eros,2015
Ladrones,LGF,2015
Remember (Canada Release),EOne,2015
Tanu Weds Manu Returns,Eros,2015
Rock The Kasbah,ORF,2015
The End of the Tour,A24,2015
Captive (2015),Par.,2015
He Named Me Malala,FoxS,2015
Youth,FoxS,2015
Chi-Raq,RAtt.,2015
Truth,SPC,2015
Mistress America,FoxS,2015
Jem and the Holograms,Uni.,2015
Beloved Sisters,MBox,2015
The Riot Club,IFC,2015
Tamasha,UTV,2015
Cake,CLF,2015
Assassination (2015),WGUSA,2015
Clouds of Sils Maria,IFC,2015
Testament of Youth,SPC,2015
Piku,Yash,2015
The Vatican Tapes,LGF,2015
Son of Saul,SPC,2015
Janis: Little Girl Blue,FR,2015
'71,RAtt.,2015
The Diary of a Teenage Girl,SPC,2015
I (2015),AaF,2015
Infinitely Polar Bear,SPC,2015
99 Homes,BG,2015
Welcome Back,Eros,2015
The Salt of the Earth,SPC,2015
Maps to the Stars,FCW,2015
Iris (2015),Magn.,2015
The Wolfpack,Magn.,2015
Veteran,CJ,2015
Goodnight Mommy,RTWC,2015
Black Sea,Focus,2015
Miss You Already,RAtt.,2015
Where Hope Grows,RAtt.,2015
Cartel Land,Orch.,2015
Timbuktu,Cohen,2015
Dior and I,Orch.,2015
5 Flights Up,FCW,2015
Big Stone Gap,PH,2015
Gett: The Trial of Viviane Amsalem,MBox,2015
Boruto: Naruto the Movie,Elev.,2015
Singh is Bling,Eros,2015
ABCD (Any Body Can Dance) 2,UTV,2015
Mustang,Cohen,2015
Labyrinth of Lies,SPC,2015
The D Train,IFC,2015
Seymour: An Introduction,IFC,2015
Tangerine,Magn.,2015
Red Army,SPC,2015
The Stanford Prison Experiment,IFC,2015
The Assassin,WGUSA,2015
"Kumiko, The Treasure Hunter",Ampl.,2015
Welcome to Me,Alc,2015
Black Panthers: Vanguard of the Revolution,PBS,2015
Detective Byomkesh Bakshy,Yash,2015
Freeheld,LGF,2015
When Marnie Was There,GK,2015
Gabbar is Back,Eros,2015
The Last - Naruto the Movie,Elev.,2015
Peggy Guggenheim Art Addict,SD,2015
Phantom (2015),UTV,2015
Somewhere Only We Know,CL,2015
Let's Get Married,CL,2015
Bombay Velvet,FIP,2015
Attack on Titan: Part 1,FUN,2015
The Third Man (2015 re-release),Rialto,2015
Saint Laurent,SPC,2015
Listen to Me Marlon,SHO,2015
Heart of a Dog,Abr.,2015
The Witness (Wo shi zheng ren),CL,2015
Unbranded,Grav.,2015
The Second Mother,Osci.,2015
Kahlil Gibran's The Prophet (Gathr),Gathr,2015
Katti Batti,UTV,2015
Kahlil Gibran's The Prophet,GK,2015
Effie Gray,AF,2015
Noble,Asp.,2015
Northern Limit Line,WGUSA,2015
Shamitabh,Eros,2015
Jafar Panahi's Taxi,KL,2015
Good Kill,IFC,2015
Running Man (2015),CL,2015
Attack on Titan: Part 2,FUN,2015
Theeb,FM,2015
White God,Magn.,2015
A Borrowed Identity,Strand,2015
In the Name of my Daughter,Cohen,2015
Hitchcock/Truffaut,Cohen,2015
Love (2015),Alc,2015
Tevar,Eros,2015
20 Once Again,CJ,2015
Slow West,A24,2015
A Royal Night Out,ADC,2015
A Pigeon Sat on a Branch Reflecting on Existence,Magn.,2015
Pyaar Ka Punchnama 2,Rel.,2015
Fall in Love Like a Star,CL,2015
Dark Places,A24,2015
Heneral Luna,Abr.,2015
Gemma Bovery,MBox,2015
The Connection,Drft.,2015
Love and Lost (Shi Gu),CL,2015
Stonewall (2015),RAtt.,2015
Maggie,RAtt.,2015
Detective K: Secret of the Lost Island,CJ,2015
The Priests,CJ,2015
The Farewell Party,Gold.,2015
A Brilliant Young Mind,Gold.,2015
Time Out of Mind,IFC,2015
Snow Girl and the Dark Crystal,WGUSA,2015
C'Est Si Bon,CJ,2015
The Last Women Standing,CL,2015
5 to 7,IFC,2015
After The Ball,Free,2015
Human Capital,FM,2015
Experimenter,Magn.,2015
Desert Dancer,Rela.,2015
Samba,BG,2015
The Tribe,Drft.,2015
Forever Young (2015),CL,2015
The New Girlfriend,Cohen,2015
Tangerines,Gold.,2015
Manglehorn,IFC,2015
Ingrid Bergman: In Her Own Words,Rialto,2015
Twenty (2015),CJ,2015
La Sapienza,KL,2015
Mississippi Grind,A24,2015
A Journey Through Time with Anthony,CL,2015
Boulevard,SM,2015
Z for Zachariah,RAtt.,2015
Do I Sound Gay?,IFC,2015
Love Live! The School Idol Movie,AZ,2015
She's Funny That Way,LGP,2015
Memories of the Sword,WGUSA,2015
The Look of Silence,Drft.,2015
The Beauty Inside,WGUSA,2015
The Chronicles of Evil,CJ,2015
Every Secret Thing,SM,2015
Ghost in the Shell: The New Movie,FUN,2015
Black Souls (Anime Nere),Alc,2015
A Poem Is a Naked Person (2015 re-issue),Jan.,2015
Saving Mr. Wu,UEP,2015
The Tales of Hoffmann (2015 re-issue),Rialto,2015
Christmas Eve,Ampl.,2015
Queen of Earth,IFC,2015
Hero (2015),Eros,2015
Sunshine Superman,Magn.,2015
Heaven Knows What,RTWC,2015
Nasty Baby,Orch.,2015
The Wonders,Osci.,2015
Predestination,VE,2015
People Places Things,TFA,2015
Eden,BG,2015
The Duke of Burgundy,IFC,2015
The Office,CL,2015
Flowers,MBox,2015
Only You,CL,2015
Girlhood (2015),Strand,2015
Jauja,CGld,2015
Gueros,KL,2015
I Smile Back,BG,2015
The Ark of Mr. Chow,CL,2015
Love Thy Nature,ITL,2015
The Advocate: A Missing Body,CJ,2015
Heist (2015),LGP,2015
Difret,TA,2015
Appropriate Behavior,Grav.,2015
Beyond the Reach,RAtt.,2015
The Salvation,IFC,2015
Madame Bovary,Alc,2015
Charlie's Country,MR,2015
Pearl Button,KL,2015
Queen and Country,BBC,2015
The Phone,CJ,2015
What Our Fathers Did: A Nazi Legacy,Osci.,2015
Lila & Eve,Gold.,2015
Before We Go,RTWC,2015
The Mafia Only Kills in Summer,Distrib.,2015
Knock Knock,LGP,2015
Kindergarten Teacher,KL,2015
Welcome to Leith,FRun,2015
Wild City,WGUSA,2015
The Forbidden Room,KL,2015
Song One,TFA,2015
Love Forecast,CJ,2015
"Out 1, noli me tangere",CFilms,2015
"3 1/2 Minutes, 10 Bullets",Part.,2015
Paulette,Cohen,2015
The Cut,Strand,2015
The Keeping Room,Drft.,2015
Big Game,EC,2015
Kill Me Three Times,Magn.,2015
"Hippocrates, Diary of a French Doctor",Distrib.,2015
Court,Zeit.,2015
Salut D'Amour,CJ,2015
Mediterranea,IFC,2015
Noma - My Perfect Storm,Magn.,2015
The Little Death,Magn.,2015
Gangnam 1970,CJ,2015
Strangerland,Alc,2015
Eastern Boys,FRun,2015
Extraction,LGP,2015
Eva,Wein.,2015
The World of Kanako,Drft.,2015
Zombeavers,Free,2015
The Hallow,IFC,2015
Amour Fou,FM,2015
Arabian Nights: Volume 1 - The Restless One,KL,2015
Of Horses and Men,MBox,2015
Marie's Story,FM,2015
1001 Grams,KL,2015
Empire of Lust,CJ,2015
The Forecaster,FOR,2015
Still Life (2015),Trib.,2015
Every Thing Will be Fine,IFC,2015
The Lesson,FM,2015
An Eye for Beauty,MR,2015
Northern Soul,Free,2015
The Girl in the Book,Free,2015
Steak (R)evolution,KL,2015
On the Way to School,Distrib.,2015
Hungry Hearts,IFC,2015
Steve McQueen: The Man & Le Mans,FR,2015
Arabian Nights: Volume 2 - The Desolate One,KL,2015
Alleluia,MBox,2015
Barely Lethal,A24,2015
Chic!,Distrib.,2015
Far from Men,Trib.,2015
The Dead Lands,Magn.,2015
Jenny's Wedding,IFC,2015
Against the Sun,TAFC,2015
Ashby,TFA,2015
Arabian Nights: Volume 3 - The Enchanted One,KL,2015
The Summer of Sangaile,Strand,2015
Club Life,Orch.,2015
Back to the Jurassic,CJ,2015
In the Basement,Strand,2015
Fidelio: Alice's Odyssey,FRun,2015
That Sugar Film,Gold.,2015
Xenia,Strand,2015
The Iron Ministry,Icar.,2015
The Lady in the Car with Glasses and a Gun,Magn.,2015
Stations of the Cross,FM,2015
Skin Trade,Magn.,2015
Thanks to My Friends,Distrib.,2015
REC 4: Apocalypse,Magn.,2015
It's All So Quiet (Boven is het stil),BWP,2015
Tough Being Loved By Jerks,KL,2015
The Chambermaid,FM,2015
Captain America: Civil War,BV,2016
Rogue One: A Star Wars Story,BV,2016
Finding Dory,BV,2016
Zootopia,BV,2016
The Jungle Book (2016),BV,2016
The Secret Life of Pets,Uni.,2016
Batman v Superman: Dawn of Justice,WB,2016
Fantastic Beasts and Where To Find Them,WB,2016
Deadpool,Fox,2016
Suicide Squad,WB,2016
Doctor Strange,BV,2016
Moana,BV,2016
Sing,Uni.,2016
The Mermaid (Mei ren yu),Sony,2016
X-Men: Apocalypse,Fox,2016
Kung Fu Panda 3,Fox,2016
La La Land,LG/S,2016
Warcraft,Uni.,2016
Jason Bourne,Uni.,2016
Ice Age: Collision Course,Fox,2016
Independence Day: Resurgence,Fox,2016
Monster Hunt,FR,2016
The Legend of Tarzan,WB,2016
The Angry Birds Movie,Sony,2016
Trolls,Fox,2016
Star Trek Beyond,Par.,2016
Now You See Me 2,LG/S,2016
The Conjuring 2,WB (NL),2016
Passengers (2016),Sony,2016
Dangal,UTV,2016
Alice Through the Looking Glass,BV,2016
Miss Peregrine's Home for Peculiar Children,Fox,2016
Teenage Mutant Ninja Turtles: Out of the Shadows,Par.,2016
Assassin's Creed,Fox,2016
Sully,WB,2016
Hidden Figures,Fox,2016
Ghostbusters (2016),Sony,2016
Inferno,Sony,2016
Central Intelligence,WB (NL),2016
Bridget Jones's Baby,Uni.,2016
Me Before You,WB (NL),2016
London Has Fallen,Focus,2016
Arrival,Par.,2016
The Monkey King 2 in 3D,CL,2016
Bad Moms,STX,2016
Storks,WB,2016
The BFG,BV,2016
The Divergent Series: Allegiant,LG/S,2016
Hacksaw Ridge,LGF,2016
The Girl on the Train (2016),Uni.,2016
Operation Mekong,WGUSA,2016
The Huntsman: Winter's War,Uni.,2016
The Magnificent Seven (2016),Sony,2016
Jack Reacher: Never Go Back,Par.,2016
Don't Breathe,SGem,2016
Ip Man 3,WGUSA,2016
The Accountant,WB,2016
Gods of Egypt,LG/S,2016
Lights Out,WB (NL),2016
Pete's Dragon (2016),BV,2016
Sausage Party,Sony,2016
Lion,Wein.,2016
Detective Chinatown (Tang ren jie tan an),CL,2016
Mechanic: Resurrection,LG/S,2016
Ride Along 2,Uni.,2016
Deepwater Horizon,LG/S,2016
Allied,Par.,2016
The Shallows,Sony,2016
The Purge: Election Year,Uni.,2016
Why Him?,Fox,2016
Finding Mr. Right 2,CL,2016
Office Christmas Party,Par.,2016
How to Be Single,WB (NL),2016
10 Cloverfield Lane,Par.,2016
The 5th Wave,Sony,2016
Neighbors 2: Sorority Rising,Uni.,2016
Cold War 2,WGUSA,2016
The Little Prince,EOne,2016
Dirty Grandpa,LGF,2016
Ben-Hur (2016),Par.,2016
Money Monster,TriS,2016
My Big Fat Greek Wedding 2,Uni.,2016
Collateral Beauty,WB (NL),2016
Train to Busan,WGUSA,2016
Sultan,Yash,2016
War Dogs,WB,2016
Nerve,LGF,2016
Ouija: Origin of Evil,Uni.,2016
Manchester by the Sea,RAtt.,2016
The Boss,Uni.,2016
Shin Godzilla,FUN,2016
Mike and Dave Need Wedding Dates,Fox,2016
Boo! A Madea Halloween,LGF,2016
Miracles from Heaven,TriS,2016
I Am Not Madame Bovary,WGUSA,2016
Kubo and the Two Strings,Focus,2016
13 Hours: The Secret Soldiers of Benghazi,Par.,2016
Moonlight (2016),A24,2016
Fences,Par.,2016
The Boy (2016),STX,2016
"Hail, Caesar!",Uni.,2016
The Nice Guys,WB,2016
L.O.R.D: Legend of Ravaging Dynasties,AR,2016
Nine Lives (2016),EC,2016
Zoolander 2,Par.,2016
Barbershop: The Next Cut,WB (NL),2016
The Finest Hours,BV,2016
Master,CJ,2016
Patriots Day,LGF,2016
Florence Foster Jenkins,Par.,2016
Mother's Day,ORF,2016
Luck-Key,JBG,2016
Yo-kai Watch: The Movie,Elev.,2016
A Monster Calls,Focus,2016
Eddie the Eagle,Fox,2016
Risen,Sony,2016
Blair Witch,LGF,2016
Cafe Society,LGF,2016
Almost Christmas,Uni.,2016
The Witch,A24,2016
The Wild Life (2016),LG/S,2016
Criminal (2016),LG/S,2016
Absolutely Fabulous: The Movie,FoxS,2016
Hell or High Water,LGF,2016
The Forest,Focus,2016
Snowden,ORF,2016
Billy Lynn's Long Halftime Walk,TriS,2016
When the Bough Breaks,SGem,2016
Nocturnal Animals,Focus,2016
Keeping Up with the Joneses,Fox,2016
Ae Dil Hai Mushkil,FIP,2016
Fan,Yash,2016
M.S. Dhoni: The Untold Story,FIP,2016
The Light Between Oceans,BV,2016
The Brothers Grimsby,Sony,2016
Race (2016),Focus,2016
Free State of Jones,STX,2016
A Beautiful Planet,Imax,2016
God's Not Dead 2,PFR,2016
Silence (2016),Par.,2016
Middle School: The Worst Years of My Life,LGF,2016
Triple 9,ORF,2016
Whiskey Tango Foxtrot,Par.,2016
Captain Fantastic,BST,2016
Live By Night,WB,2016
Julieta,SPC,2016
Solace,LGP,2016
Fifty Shades of Black,ORF,2016
Keanu,WB (NL),2016
El Clan,FIP,2016
The Edge of Seventeen,STX,2016
The Choice,LGF,2016
Eye in the Sky,BST,2016
Bad Santa 2,BG,2016
Regression,W/Dim.,2016
Neerja,FIP,2016
Masterminds (2016),Rela.,2016
Norm of the North,LGF,2016
Hardcore Henry,STX,2016
Pride and Prejudice and Zombies,SGem,2016
The Infiltrator,BG,2016
Kapoor & Sons - Since 1921,FIP,2016
The Take (2016),HTR,2016
Sword Master,WGUSA,2016
"Hello, My Name is Doris",RAtt.,2016
The Other Side of the Door,Fox,2016
Love & Friendship,RAtt.,2016
Jackie,FoxS,2016
Sing Street,Wein.,2016
Shut In,EC,2016
Loving,Focus,2016
The Beatles: Eight Days a Week - The Touring Years,Abr.,2016
The Man Who Knew Infinity,IFC,2016
No Manches Frida,PNT,2016
The Darkness,BH Tilt,2016
Our Kind of Traitor,RAtt.,2016
The Perfect Match,LGF,2016
Queen of Katwe,BV,2016
Miss Sloane,EC,2016
Ratchet & Clank,Focus,2016
Morgan,Fox,2016
The Lobster (US Release),A24,2016
My King (Mon roi),FM,2016
Pele: Birth of a Legend,IFC,2016
A Bigger Splash,FoxS,2016
Southside with You,RAtt.,2016
The Young Messiah,Focus,2016
Incarnate,BH Tilt,2016
Max Steel,ORF,2016
Midnight Special,WB,2016
The Duelist,Sony,2016
The Autopsy of Jane Doe,IFC,2016
My Best Friend's Wedding (2016),Sony,2016
Genius,RAtt.,2016
20th Century Women,A24,2016
Hunt for the Wilderpeople,Orch.,2016
Bleed for This,ORF,2016
Hands of Stone,Wein.,2016
Men & Chicken,Drft.,2016
The Meddler,SPC,2016
A Hologram for the King,RAtt.,2016
Swiss Army Man,A24,2016
Denial,BST,2016
Indignation,RAtt.,2016
Kabali,CineGalaxy,2016
Rules Don't Apply,Fox,2016
Where to Invade Next,Drft.,2016
Batman: The Killing Joke,Fathom,2016
Naam Hai Akira,FIP,2016
A Man Called Ove,MBox,2016
Miles Ahead,SPC,2016
Everybody Wants Some!!,Par.,2016
Maggie's Plan,SPC,2016
The Program (2016),EOne,2016
Green Room,A24,2016
The Eagle Huntress,SPC,2016
Compadres,PNT,2016
Desierto,STX,2016
Anthropoid,BST,2016
Hillsong - Let Hope Rise,PFR,2016
El Jeremias,Sony,2016
The Disappointments Room,Rela.,2016
Dear Zindagi,Relbig.,2016
Elle,SPC,2016
Paterson,BST,2016
Equals,A24,2016
I'm Not Ashamed,PFR,2016
The Dressmaker,BG,2016
The Handmaiden,Magn.,2016
Demolition,FoxS,2016
American Honey,A24,2016
Busco Novio Para Mi Mujer,PNT,2016
A Perfect Day,IFC,2016
Weiner,IFC,2016
Rustom,Zee,2016
I Saw the Light,SPC,2016
Jane Got a Gun,Wein.,2016
Toni Erdmann,SPC,2016
The Neon Demon,BG,2016
Embrace of the Serpent,Osci.,2016
Housefull 3,Eros,2016
Mohenjo Daro,UTV,2016
Lazer Team,Ampl.,2016
The Music of Strangers,Orch.,2016
Dough,Men.,2016
Ma ma,Osci.,2016
Wazir,Relbig.,2016
Papa: Hemingway in Cuba,YFG,2016
Certain Women,IFC,2016
The Innocents,MBox,2016
Elvis & Nixon,BST,2016
Operation Chromite,CJ,2016
Baar Baar Dekho,Eros,2016
Dark Horse (2016),SPC,2016
Neruda,Orch.,2016
Gentleman,Gaatri,2016
Ki & Ka,Eros,2016
Dishoom,Eros,2016
The Wailing (Goksung),WGUSA,2016
Chongqing Hot Pot,CL,2016
The Polar Express (2016 re-issue),WB,2016
Little Men (2016),Magn.,2016
Chaar Sahibzaade: Rise of Band Singh Bahadur,Eros,2016
Born to be Blue (US Release),IFC,2016
City of Gold,IFC,2016
Remember (US Release),A24,2016
Embrace: The Documentary,Gathr,2016
Tickled,Magn.,2016
"Lo and Behold, Reveries of the Connected World",Magn.,2016
A Tale of Love and Darkness,FCW,2016
Tunnel,WGUSA,2016
Knight of Cups,BG,2016
Harry & Snowman,FR,2016
Viral,W/Dim.,2016
American Pastoral,LGF,2016
The Age of Shadows,CJ,2016
Fitoor,UTV,2016
The First Monday in May,Magn.,2016
Marguerite,Cohen,2016
The Boy and the Beast,FUN,2016
Wiener-Dog,IFC,2016
Our Little Sister,SPC,2016
Only Yesterday (2016 re-release),GK,2016
Baaghi,UTV,2016
Land of Mine,SPC,2016
Things To Come,IFC,2016
The Lobster (Canada Release),Mon,2016
Mr. Donkey,CL,2016
Happy Bhaag Jayegi,Eros,2016
High-Rise,Magn.,2016
Te3n,Rel.,2016
Francofonia,MBox,2016
Mia Madre,MBox,2016
April and the Extraordinary World,GK,2016
Ixcanul,KL,2016
The People vs. Fritz Bauer,Cohen,2016
Aquarius,Vita.,2016
Kingsglaive: Final Fantasy: XV,VE,2016
My Golden Days,Magn.,2016
The Family Fang,SM,2016
Dheepan,IFC,2016
"Life, Animated",Orch.,2016
Oasis: Supersonic,A24,2016
The Invitation,Drft.,2016
Miss Hokusai,GK,2016
Kaptaan,UTV,2016
League of Gods,Sony,2016
Viva,Magn.,2016
The Wave,Magn.,2016
Asura: The City of Madness,CJ,2016
Louder than Bombs,Orch.,2016
Howards End (2016 Restoration),Cohen,2016
Sunset Song,Magn.,2016
Born to be Blue,EOne,2016
Seasons,MBox,2016
Rams (Hr√∫tar),Cohen,2016
Tumbledown,SM,2016
The Brand New Testament,MBox,2016
Spirits' Homecoming,PM&E,2016
Sweet Bean,KL,2016
A War,Magn.,2016
Fire at Sea,KL,2016
Hockney,FM,2016
Three,WGUSA,2016
Tale of Tales,IFC,2016
The Measure of a Man,KL,2016
Aferim!,BWP,2016
Until Forever (Por Siempre),CZ,2016
Under the Sun (2016),Icar.,2016
Our Last Tango,Strand,2016
Rock On 2,Eros,2016
Seondal: The Man Who Sells the River,CJ,2016
So Young 2: Never Gone,CL,2016
"New York, New York (2016)",CL,2016
Fireworks Wednesday,Ghop,2016
No One's Life Is Easy: So I Married an Anti-Fan,CL,2016
"My Love, Don't Cross that River",FM,2016
Author: The JT LeRoy Story,Magn.,2016
Mountains May Depart,KL,2016
Cock and Bull,CL,2016
A Street Cat Named Bob,Cleopatra,2016
Les cowboys,Cohen,2016
Saala Khadoos,UTV,2016
The Monster (2016),A24,2016
Dancer,IFC,2016
Sweet 20,CJ,2016
The Dark Horse,BG,2016
Phantom Detective,CJ,2016
Ran (2016 re-issue),Rialto,2016
Microbe & Gasoline,Scre.,2016
Time Renegades,CJ,2016
Vanishing Time: A Boy Who Returned,Dreamwest,2016
DONGJU: The Portrait of a Poet,CJ,2016
L'attesa,Osci.,2016
The Lovers and the Despot,Magn.,2016
Clown,W/Dim.,2016
Diary of a Chambermaid,Cohen,2016
High Strung (2016),Pala.,2016
The Club,MBox,2016
Being 17,Strand,2016
The Last Man on the Moon,Grav.,2016
My Annoying Brother,CJ,2016
Cemetery of Splendor,Strand,2016
Disorder,IFC,2016
Like for Likes,CJ,2016
In the Shadow of Women,Distrib.,2016
In Order of Disappearance,Magn.,2016
The Treasure,SDS,2016
Fatima,KL,2016
We Are X,Drft.,2016
A Melody to Remember,CJ,2016
Phantom of the Theatre,WGUSA,2016
Mastizaade,Eros,2016
Closet Monster,Strand,2016
Troublemakers: The Story of Land Art,FRun,2016
Come What May,Cohen,2016
Until Forever,Linn,2016
Summertime (2016),Strand,2016
Songs My Brothers Taught Me,KL,2016
Mr. Right,FCW,2016
Phantom Boy,GK,2016
Sweet Sixteen (Xia You Qiao Mu),CL,2016
Eisenstein in Guanajuato,Strand,2016
Last Cab to Darwin,FRun,2016
The Map Against the World,CJ,2016
Kaili Blues,Ghop,2016
Anesthesia,IFC,2016
"Rio, I Love You",Scre.,2016
As I Open My Eyes,KL,2016
The Son of Joseph,KL,2016
From Afar,Strand,2016
For a Few Bullets,CL,2016
The Last Princess,CJ,2016
Valley of Love,Strand,2016
Blackway,Electric,2016
Neon Bull,KL,2016
Papa (Luo shan ji dao dan ji hua),Jampa,2016
Standing Tall (La tete haute),Cohen,2016
Chevalier,Strand,2016
The New Year's Eve of Old Lee,CL,2016
Cosmos,KL,2016
A Monster with a Thousand Heads,MBox,2016
Evolution,IFC,2016
"Right Now, Wrong Then",Ghop,2016
Lolo,FR,2016
Sanam Teri Kasam,Eros,2016
Term Life,FCW,2016
The Sea of Trees,A24,2016
Wildflower (Secretos del Alma),CZ,2016
Colonia,Scre.,2016
Argentina,FRun,2016
Remember You,CJ,2016
Adderall Diaries,A24,2016
Neither Heaven Nor Earth,FM,2016
The Ones Below,Magn.,2016
"Kiki, Love to Love",Strand,2016
Don't Call Me Son,Zeit.,2016
Jeruzalem,EpicPics,2016
Serial Killer 1,KL,2016
Chronic,MR,2016
Magnus,FR,2016
The Last King,Magn.,2016
Mojave,A24,2016
The Other Side,FM,2016
The President,Crnth,2016
They Will Have to Kill Us First,BBC,2016
The Carer,Crnth,2016
Klown Forever,Drft.,2016
Search Party,FCW,2016
In Harmony,Distrib.,2016
In Her Name (Au nom de ma fille),Distrib.,2016
Next Time I'll Aim for the Heart,Distrib.,2016
The Student and Mr. Henri,Distrib.,2016
Down By Love,Distrib.,2016
News From Planet Mars,KL,2016
Satanic,Magn.,2016
Star Wars: The Last Jedi,BV,2017
Beauty and the Beast (2017),BV,2017
The Fate of the Furious,Uni.,2017
Despicable Me 3,Uni.,2017
Jumanji: Welcome to the Jungle,Sony,2017
Spider-Man: Homecoming,Sony,2017
Wolf Warrior 2,HC,2017
Guardians of the Galaxy Vol. 2,BV,2017
Thor: Ragnarok,BV,2017
Wonder Woman,WB,2017
Coco,BV,2017
Pirates of the Caribbean: Dead Men Tell No Tales,BV,2017
It,WB (NL),2017
Justice League,WB,2017
Logan (2017),Fox,2017
Transformers: The Last Knight,Par.,2017
Kong: Skull Island,WB,2017
The Boss Baby,Fox,2017
Dunkirk,WB,2017
War for the Planet of the Apes,Fox,2017
The Greatest Showman,Fox,2017
Kingsman: The Golden Circle,Fox,2017
The Mummy (2017),Uni.,2017
Cars 3,BV,2017
Fifty Shades Darker,Uni.,2017
Your Name.,FUN,2017
Murder on the Orient Express (2017),Fox,2017
xXx: The Return of Xander Cage,Par.,2017
The Great Wall,Uni.,2017
Resident Evil: The Final Chapter,SGem,2017
The LEGO Batman Movie,WB,2017
Annabelle: Creation,WB (NL),2017
Wonder,LGF,2017
Ferdinand,Fox,2017
Split,Uni.,2017
Blade Runner 2049,WB,2017
Get Out,Uni.,2017
Kung Fu Yoga,WGUSA,2017
Baahubali 2: The Conclusion,GrtIndia,2017
Journey to the West: The Demons Strike Back,Sony,2017
Alien: Covenant,Fox,2017
Baby Driver,TriS,2017
Valerian and the City of a Thousand Planets,STX,2017
Geostorm,WB,2017
The Emoji Movie,Sony,2017
A Dog's Purpose,Uni.,2017
Smurfs: The Lost Village,Sony,2017
The Shape of Water,FoxS,2017
Pitch Perfect 3,Uni.,2017
Daddy's Home 2,Par.,2017
The Post,Fox,2017
Baywatch,Par.,2017
The Hitman's Bodyguard,LG/S,2017
John Wick: Chapter Two,LG/S,2017
Ghost in the Shell (2017),Par.,2017
"Three Billboards Outside Ebbing, Missouri",FoxS,2017
Duckweed,CL,2017
Darkest Hour,Focus,2017
King Arthur: Legend of the Sword,WB,2017
The Foreigner,STX,2017
Power Rangers (2017),LGF,2017
Girls Trip,Uni.,2017
American Made,Uni.,2017
A Bad Moms Christmas,STX,2017
Captain Underpants: The First Epic Movie,Fox,2017
Happy Death Day,Uni.,2017
The LEGO Ninjago Movie,WB,2017
The Dark Tower,Sony,2017
Buddies in India,CL,2017
Leap!,Wein.,2017
Jigsaw,LGF,2017
Railroad Tigers,WGUSA,2017
Life (2017),Sony,2017
Atomic Blonde,Focus,2017
The Shack,LG/S,2017
Some Like It Hot (Qing Shung),CL,2017
Tiger Zinda Hai,Yash,2017
Going in Style (2017),WB (NL),2017
Rings,Par.,2017
A Taxi Driver,WGUSA,2017
Underworld: Blood Wars,SGem,2017
Lady Bird,A24,2017
American Assassin,LGF,2017
One Piece Film: Gold,FUN,2017
Victoria and Abdul,Focus,2017
The Nut Job 2: Nutty by Nature,ORF,2017
Monster Trucks,Par.,2017
The Mountain Between Us,Fox,2017
The Star,Sony,2017
How to be a Latin Lover,PNT,2017
"Everything, Everything",WB,2017
Snatched,Fox,2017
My Little Pony: The Movie,LGF,2017
Molly's Game,STX,2017
All the Money in the World,TriS,2017
The Big Sick,LGF,2017
Confidential Assignment,CJ,2017
Downsizing,Par.,2017
"I, Tonya",Neon,2017
Logan Lucky,BST,2017
Tyler Perry's Boo 2! A Madea Halloween,LGF,2017
Phantom Thread,Focus,2017
Rough Night,Sony,2017
The Battleship Island,CJ,2017
Flatliners (2017),Sony,2017
All Eyez on Me,LG/S,2017
mother!,Par.,2017
47 Meters Down,ENTMP,2017
The Snowman,Uni.,2017
Gifted,FoxS,2017
Loving Vincent,Good Deed,2017
Call Me by Your Name,SPC,2017
T2: Trainspotting,TriS,2017
Fist Fight,WB (NL),2017
Diary of a Wimpy Kid: The Long Haul,Fox,2017
The House,WB (NL),2017
Tad the Lost Explorer and the Secret of King Midas,ParC,2017
Wind River,Wein.,2017
Sleepless,ORF,2017
Kidnap (2017),Aviron,2017
The Disaster Artist,A24,2017
Hostiles,ENTMP,2017
The Beguiled (2017),Focus,2017
Home Again,ORF,2017
Judwaa 2,FIP,2017
CHiPs,WB,2017
The Bye Bye Man,STX,2017
A Cure for Wellness,Fox,2017
The Zookeeper's Wife,Focus,2017
Only The Brave,Sony,2017
Father Figures,WB,2017
Badrinath Ki Dulhania,FIP,2017
Born in China,BV,2017
The Founder,Wein.,2017
Jolly Llb 2,FIP,2017
The Glass Castle,LGF,2017
Sword Art Online: The Movie - Ordinal Scale,Elev.,2017
The Circle (2017),STX,2017
It Comes At Night,A24,2017
The Lost City of Z,BST,2017
Unforgettable (2017),WB,2017
The Case for Christ,PFR,2017
Detroit,Annapurna,2017
Wonder Wheel,Amazon,2017
Gold,Wein.,2017
The Space Between Us,STX,2017
Wish Upon,BG,2017
A United Kingdom,FoxS,2017
"Roman J. Israel, Esq.",Sony,2017
Mubarakan,Sony,2017
Battle of the Sexes,FoxS,2017
The Promise (2017),ORF,2017
Before I Fall,ORF,2017
Earth: One Amazing Day,BBC,2017
Thank You for Your Service (2017),Uni.,2017
Rock Dog,LG/S,2017
My Cousin Rachel,FoxS,2017
Truman,FR,2017
Stronger,RAtt.,2017
Tulip Fever,Wein.,2017
Viceroy's House,IFC,2017
Amityville: The Awakening,W/Dim.,2017
Just Getting Started,BG,2017
Beatriz At Dinner,RAtt.,2017
I am Not Your Negro,Magn.,2017
The Red Turtle,SPC,2017
From the Land of the Moon,IFC,2017
Maudie,SPC,2017
All Saints,Affirm,2017
The Florida Project,A24,2017
Suburbicon,Par.,2017
The Man Who Invented Christmas,BST,2017
Paris Can Wait,SPC,2017
Phillauri,FIP,2017
Ok Jaanu,FIP,2017
An Inconvenient Sequel: Truth to Power,Par.,2017
Table 19,FoxS,2017
Collide,ORF,2017
The Wall,RAtt.,2017
Mark Felt: The Man Who Brought Down the White House,SPC,2017
Terminator 2: Judgment Day 3D,Distrib.,2017
Brad's Status,Annapurna,2017
Friend Request,ENTMP,2017
Their Finest,STX,2017
Wonderstruck,RAtt.,2017
The Leisure Seeker,SPC,2017
Raw (2017),FCW,2017
Colossal,Neon,2017
A Gentleman,FIP,2017
Inhumans,Imax,2017
Kedi,Osci.,2017
The Only Living Boy in New York,RAtt.,2017
Hazlo Como Hombre (Do It Like An Hombre),PNT,2017
Poster Boys,Sony,2017
The Salesman,Cohen,2017
Pokemon the Movie: I Choose You!,Fathom,2017
Jeepers Creepers 3,Scre.,2017
Un Padre No Tan Padre,PNT,2017
Good Time,A24,2017
Everybody Loves Somebody,PNT,2017
Along with the Gods: The Two Worlds,WGUSA,2017
Youth (2017),CL,2017
Last Flag Flying,LGF,2017
A Quiet Passion,MBox,2017
Free Fire,A24,2017
The Last Word,BST,2017
Human Flow,Magn.,2017
Jane (2017),Abr.,2017
A Ghost Story,A24,2017
The Square,Magn.,2017
Patti Cake$,FoxS,2017
The Wedding Plan,RAtt.,2017
Personal Shopper,IFC,2017
Churchill,Cohen,2017
The Sense of an Ending,CBS,2017
3 Idiotas,PNT,2017
6 Below: Miracle on the Mountain,MOM,2017
Lady Macbeth,RAtt.,2017
Film Stars Don't Die in Liverpool,SPC,2017
Yu-Gi-Oh! The Dark Side of Dimensions,SV,2017
Lucky (2017),Magn.,2017
Faces Places,Cohen,2017
Tubelight,Yash,2017
Frantz,MBox,2017
BOMBSHELL: The Hedy Lamarr Story,Zeit.,2017
Walk With Me,Gathr,2017
Buena Vista Social Club: Adios,BG,2017
Titanic (20th Anniversary),Par.,2017
Lost in Paris,Osci.,2017
Shubh Mangal Saavdhan,Eros,2017
The Midwife,MBox,2017
3 Generations,Wein.,2017
Fairy Tail: Dragon Cry,FUN,2017
Our President,CJ,2017
Letters from Baghdad,Vita.,2017
Breathe (2017),BST,2017
Song to Song,BG,2017
Tom of Finland,KL,2017
God's Own Country,Orion,2017
The Breadwinner,GK,2017
A Silent Voice,Elev.,2017
My Life as a Zucchini,GK,2017
Happy End,SPC,2017
After the Storm,FM,2017
Wakefield,IFC,2017
"I, Daniel Blake",IFC,2017
Cezanne et moi,Magn.,2017
The Fortress,CJ,2017
Black Butler: Book of the Atlantic,FUN,2017
The Swindlers,WGUSA,2017
City of Ghosts,IFC,2017
The Prison,WGUSA,2017
The Other Side of Hope,Jan.,2017
Marjorie Prime,FR,2017
Graduation,IFC,2017
Mr. Gaga: A True Story of Love and Dance,Abr.,2017
In This Corner of the World,FUN,2017
David Lynch: The Art Life,Jan.,2017
13 Minutes,SPC,2017
The Journey,IFC,2017
The Void,Scre.,2017
Blade of the Immortal,Magn.,2017
Thelma,Orch.,2017
BPM (Beats Per Minute),Orch.,2017
Explosion,CL,2017
The King's Choice,Gold.,2017
Slack Bay,KL,2017
Like Crazy (2017),Strand,2017
Fabricated City,CJ,2017
The Lure,Jan.,2017
Score: A Film Music Documentary,Grav.,2017
Munna Michael,Eros,2017
The Mayor,WGUSA,2017
The Fencer,CFI,2017
Memoir of a Murderer,WGUSA,2017
The King's Case Note,CJ,2017
Warriors of the Dawn,FIP,2017
The Nile Hilton Incident,Strand,2017
Pop Aye,KL,2017
I Can Speak,CJ,2017
Tomorrow,UTMW,2017
Worlds Apart,CLS,2017
Extraordinary Mission,Crimson,2017
The Ornithologist,Strand,2017
Napping Princess,GK,2017
Twenty Two,CL,2017
Bluebeard,WGUSA,2017
One Week and a Day,Osci.,2017
The Commune,Magn.,2017
A Woman's Life,KL,2017
Afterimage,FM,2017
Alone in Berlin,IFC,2017
The Villainess,WGUSA,2017
The Daughter,KL,2017
Moscow Never Sleeps,CAVU,2017
My Scientology Movie,Magn.,2017
Una,EF,2017
Bending the Arc,Abr.,2017
The Girl Without Hands,GK,2017
Whisky Galore,Arrow,2017
RV: Resurrected Victims,WGUSA,2017
Better Watch Out,WGUSA,2017
Absolutely Anything,ADC,2017
Glory (2017),FM,2017
Porto,KL,2017
Brotherhood of Blades 2: The Infernal Battlefield,WGUSA,2017
Abracadabra,Sony,2017
Blind,VE,2017
Felicite,Strand,2017
Dead Awake (2017),FR,2017
The Country Doctor,Distrib.,2017
Overdrive,VE,2017
Suntan,Strand,2017
Trespass Against Us,A24,2017
The Ardennes,FM,2017
Oro,Sony,2017
Singularity,VE,2017
Emily (2017),Hiber,2017
Max & Leon,Distrib.,2017
2:22,Magn.,2017
Avengers: Infinity War,BV,2018
Black Panther,BV,2018
Jurassic World: Fallen Kingdom,Uni.,2018
Incredibles 2,BV,2018
Aquaman,WB,2018
Bohemian Rhapsody,Fox,2018
Venom (2018),Sony,2018
Mission: Impossible - Fallout,Par.,2018
Deadpool 2,Fox,2018
Fantastic Beasts: The Crimes of Grindelwald,WB,2018
Ant-Man and the Wasp,BV,2018
Ready Player One,WB,2018
Operation Red Sea,WGUSA,2018
Detective Chinatown 2,WB,2018
The Meg,WB,2018
Ralph Breaks the Internet,BV,2018
Hotel Transylvania 3: Summer Vacation,Sony,2018
Dr. Seuss' The Grinch (2018),Uni.,2018
Bumblebee,Par.,2018
A Star is Born (2018),WB,2018
Rampage (2018),WB (NL),2018
Mamma Mia! Here We Go Again,Uni.,2018
Solo: A Star Wars Story,BV,2018
Spider-Man: Into The Spider-Verse,Sony,2018
Fifty Shades Freed,Uni.,2018
The Nun,WB (NL),2018
Monster Hunt 2,LGF,2018
Peter Rabbit,Sony,2018
Mary Poppins Returns,BV,2018
A Quiet Place,Par.,2018
Green Book,Uni.,2018
Skyscraper,Uni.,2018
Ocean's 8,WB,2018
Pacific Rim Uprising,Uni.,2018
Maze Runner: The Death Cure,Fox,2018
Tomb Raider,WB,2018
Halloween (2018),Uni.,2018
Crazy Rich Asians,WB,2018
Paddington 2,WB,2018
Smallfoot,WB,2018
Creed II,MGM,2018
Disney's Christopher Robin,BV,2018
The Equalizer 2,Sony,2018
The Nutcracker and the Four Realms,BV,2018
The Mule,WB,2018
Insidious: The Last Key,Uni.,2018
The Predator (2018),Fox,2018
Johnny English Strikes Again,Uni.,2018
Red Sparrow,Fox,2018
The First Purge,Uni.,2018
A Wrinkle in Time,BV,2018
The House With A Clock In Its Walls,Uni.,2018
Instant Family,Par.,2018
The Commuter,LGF,2018
Game Night,WB (NL),2018
The Monkey King 3,WGUSA,2018
First Man,Uni.,2018
Night School (2018),Uni.,2018
Alpha,Studio 8,2018
A Simple Favor,LGF,2018
The Favourite,FoxS,2018
Truth or Dare,Uni.,2018
I Feel Pretty,STX,2018
Blockers,Uni.,2018
Goosebumps 2: Haunted Halloween,Sony,2018
BlacKkKlansman,Focus,2018
Overboard (2018),PNT,2018
Sherlock Gnomes,Par.,2018
Robin Hood (2018),LG/S,2018
Mortal Engines,Uni.,2018
How Long Will I Love U,WGUSA,2018
Den of Thieves,STX,2018
Hereditary,A24,2018
Tag,WB (NL),2018
Vice,Annapurna,2018
Widows,Fox,2018
Sicario: Day of the Soldado,Sony,2018
Searching,SGem,2018
The Spy Who Dumped Me,LGF,2018
Second Act,STX,2018
Sanju,FIP,2018
Book Club,Par.,2018
12 Strong,WB,2018
"Love, Simon",Fox,2018
Mile 22,STX,2018
Life of the Party,WB (NL),2018
Isle Of Dogs,FoxS,2018
Adrift,STX,2018
The 15:17 to Paris,WB,2018
Early Man,LGF,2018
Peppermint,STX,2018
Teen Titans Go! To The Movies,WB,2018
Slender Man,SGem,2018
Breaking In (2018),Uni.,2018
Once Upon a Deadpool,Fox,2018
The Son of Bigfoot,VPD,2018
Uncle Drew,LG/S,2018
Tyler Perry's Acrimony,LGF,2018
Mary Queen of Scots,Focus,2018
The Possession of Hannah Grace,SGem,2018
Overlord,Par.,2018
The Darkest Minds,Fox,2018
Holmes and Watson,Sony,2018
Show Dogs,Global Road,2018
On the Basis of Sex,Focus,2018
Namiya,CL,2018
The Girl in the Spider's Web: A New Dragon Tattoo Story,Sony,2018
The Hate U Give,Fox,2018
Death Wish (2018),MGM,2018
Nobody's Fool,Par.,2018
Bad Times At The El Royale,Fox,2018
Baaghi 2,FIP,2018
The Happytime Murders,STX,2018
Midnight Sun,Global Road,2018
Pad Man,Sony,2018
Monster Family,VPD,2018
White Boy Rick,Studio 8,2018
Winchester,LGF,2018
The Death of Stalin,IFC,2018
Strangers: Prey at Night,Aviron,2018
"Paul, Apostle of Christ",Affirm,2018
Padmaavat,VPD,2018
Proud Mary,SGem,2018
Superfly,Sony,2018
If Beale Street Could Talk,Annapurna,2018
Burn the Stage: The Movie,Trafalgar,2018
Detective K: Secret of the Living Dead,WGUSA,2018
The Wife,SPC,2018
Hell Fest,LGF,2018
Chappaquiddick,ENTMP,2018
They Shall Not Grow Old,WB,2018
Free Solo,NGE,2018
The Children Act,A24,2018
Beautiful Boy (2018),Amazon,2018
Hunter Killer,LG/S,2018
Tully (2018),Focus,2018
Unfriended: Dark Web,BH Tilt,2018
Upgrade,BH Tilt,2018
Unsane,BST,2018
The Sisters Brothers,Annapurna,2018
Welcome to Marwen,Uni.,2018
Hotel Artemis,Global Road,2018
Marrowbone,Magn.,2018
102 Not Out,Sony,2018
Boy Erased,Focus,2018
Back to Burgundy,MBox,2018
The Bookshop,Greenwich,2018
The Old Man & the Gun,FoxS,2018
Gringo,STX,2018
Golden Slumber,CJ,2018
Kin,LGF,2018
The Big Bad Fox and Other Tales,GK,2018
Traffik,LGF,2018
Can You Ever Forgive Me?,FoxS,2018
7 Days in Entebbe,Focus,2018
Pope Francis - A Man of His Word,Focus,2018
Condorito: La Pelicula,LGF,2018
Suspiria,Amazon,2018
Disobedience,BST,2018
Qu√© Le√≥n (What A Lion),Spanglish,2018
Life Itself (2018),Amazon,2018
Beirut,BST,2018
Return of the Hero,Distrib.,2018
Soorma,Sony,2018
The Hurricane Heist,ENTMP,2018
Every Day (2018),Orion,2018
Leave No Trace,BST,2018
My Hero Academia: Two Heroes,FUN,2018
Destroyer,Annapurna,2018
Madame,Blue Fox,2018
Colette,BST,2018
Blindspotting,LG/S,2018
Cold War (2018),Amazon,2018
Papillon (2018),BST,2018
Gotti,VE,2018
The Mercy,Scre.,2018
Hichki,Yash,2018
Ya Veremos,PNT,2018
Don't Worry He Won't Get Far on Foot,Amazon,2018
A Private War,Aviron,2018
Ben is Back,RAtt.,2018
Bad Samaritan,Electric,2018
Gauguin: Voyage to Tahiti,Cohen,2018
Shoplifters,Magn.,2018
The Front Runner,Sony,2018
2001: A Space Odyssey (2018 re-release),WB,2018
Wildlife,IFC,2018
La Boda de Valentina,PNT,2018
You Were Never Really Here,Amazon,2018
Billionaire Boy's Club,VE,2018
The Rider,SPC,2018
Mary and the Witch's Flower,GK,2018
Bilal: A New Breed of Hero,VE,2018
A Fantastic Woman,SPC,2018
MET Opera: La Traviata,Fathom,2018
Capernaum,SPC,2018
I Still See You,LGF,2018
Finding Your Feet,RAtt.,2018
Never Look Away,SPC,2018
Maria by Callas,SPC,2018
Mandy,RLJ,2018
Andhadhun,Eros,2018
Lean on Pete,A24,2018
Nothing to Lose (2018),Swen,2018
Raid (2018),Eros,2018
The Insult,Cohen,2018
Little Italy,EOne,2018
The Catcher Was a Spy,IFC,2018
The Miseducation of Cameron Post,FR,2018
Kedarnath,PackYourBag,2018
Schindler's List (2018 re-release),Uni.,2018
Mirai,GK,2018
Beast,RAtt.,2018
Pokemon the Movie: The Power of Us,Fathom,2018
The Party (2017),RAtt.,2018
Burning,WGUSA,2018
Foxtrot,SPC,2018
The Sound of Music (2018 re-release),Fathom,2018
The Big Lebowski (20th Anniversary),Fathom,2018
Manmarziyaan,Eros,2018
Loveless (2018),SPC,2018
Tommy Wiseau's The Room,Fathom,2018
Fireworks (2018),GK,2018
The Spy Gone North,CJ,2018
The Happy Prince,SPC,2018
Final Portrait,SPC,2018
Bag of Marbles,Gaum.,2018
Vertigo (60th Anniversary),Fathom,2018
Oh Lucy!,FM,2018
Mountain,Greenwich,2018
Time Freak,Grindstone,2018
What They Had,BST,2018
Batti Gul Meter Chalu,Eros,2018
Borg vs. McEnroe,Neon,2018
Matangi/Maya/M.I.A.,Abr.,2018
Mazinger Z: INFINITY,Fathom,2018
Fate/Stay Night: Heaven's Feel - I. Presage Flower,Fathom,2018
Summer 1993,Osci.,2018
Maquia: When the Promised Flower Blooms (Subtitled),Elev.,2018
Karwaan,PackYourBag,2018
Last Letter,CL,2018
The Accidental Detective 2: In Action,CJ,2018
The Guardians,MBox,2018
Luis & the Aliens,VPD,2018
Double Lover,Cohen,2018
Ghost Stories,IFC,2018
Museo,Vita.,2018
The Little Mermaid (2018),Conglomerate,2018
The Young Karl Marx,Orch.,2018
Becoming Astrid,MBox,2018
Ryuichi Sakamoto: Coda,MUBI,2018
Gonjiam: Haunted Asylum,WGUSA,2018
Take Point,CJ,2018
The Dawn Wall,Orch.,2018
The Negotiation,CJ,2018
The Captain,MBox,2018
Mary Shelley,IFC,2018
In Between,FM,2018
Namaste England,Eros,2018
Happy Phirr Bhag Jayegi,Eros,2018
Ismael's Ghosts,Magn.,2018
Revenge (2018),Neon,2018
Unstoppable (2018),WGUSA,2018
Reign of Judges: Title of Liberty - Concept Short,Darin Southa,2018
The Third Murder,FM,2018
The House That Jack Built,IFC,2018
Custody,KL,2018
Godard Mon Amour,Cohen,2018
Just a Breath Away,EOne,2018
Mukkabaaz,Eros,2018
Keys to the Heart,CJ,2018
Tehran Taboo,KL,2018
The Last Suit,OutF,2018
"Nico, 1988",Magn.,2018
Antonio Lopez 1970: Sex Fashion & Disco,FM,2018
Helicopter Eela,Eros,2018
Under the Tree,Magn.,2018
Before We Vanish,Super,2018
I Am Not a Witch,FM,2018
Racer & the Jailbird,Super,2018
Rodin,Cohen,2018
What Will People Say,KL,2018
A Ciambra,IFC,2018
Oolong Courtyard,CL,2018
Girls vs Gangsters,WGUSA,2018
"No Date, No Signature",Distrib.,2018
The Apparition (2018),MBox,2018
The Charmer,FM,2018
Elliot: The Littlest Reindeer,Scre.,2018
The Workshop,Strand,2018
Loving Pablo,Uni.,2018
A Paris Education,KL,2018
Tag Along: The Devil Fish,CL,2018
Gabriel and the Mountain,Strand,2018
Marlina the Murderer in Four Acts,Icar.,2018
The Escape,IFC,2018
How Victor 'The Garlic' Took Alexey 'The Stud' to the Nursing Home,CARUSEL,2018
"Lou Andreas-Salom√©, the Audacity to be Free",CLS,2018
Let Yourself Go,Men.,2018
Hannah (2018),PDF,2018
Souvenir,Strand,2018
Furious (Legend of Kolovrat),CARUSEL,2018
Beauty and the Dogs,Osci.,2018
The Quake,Magn.,2018
Edward II (2018 re-release),FM,2018
El Pacto,Sony,2018
The Swan,Synergetic,2018
An Actor Prepares,Grav.,2018
